-- phpMyAdmin SQL Dump
-- version 4.0.10.7
-- http://www.phpmyadmin.net
--
-- Host: localhost
-- Erstellungszeit: 27. Mai 2015 um 21:55
-- Server Version: 5.5.42-cll
-- PHP-Version: 5.4.23

SET SQL_MODE = "NO_AUTO_VALUE_ON_ZERO";
SET time_zone = "+00:00";


/*!40101 SET @OLD_CHARACTER_SET_CLIENT=@@CHARACTER_SET_CLIENT */;
/*!40101 SET @OLD_CHARACTER_SET_RESULTS=@@CHARACTER_SET_RESULTS */;
/*!40101 SET @OLD_COLLATION_CONNECTION=@@COLLATION_CONNECTION */;
/*!40101 SET NAMES utf8 */;

--
-- Datenbank: `dzqoqnoa_cms`
--

-- --------------------------------------------------------

--
-- Tabellenstruktur für Tabelle `config`
--

CREATE TABLE IF NOT EXISTS `config` (
  `id` int(11) NOT NULL AUTO_INCREMENT,
  `offline` tinyint(1) DEFAULT NULL,
  `layout` varchar(50) COLLATE utf8_unicode_ci NOT NULL,
  PRIMARY KEY (`id`)
) ENGINE=InnoDB  DEFAULT CHARSET=utf8 COLLATE=utf8_unicode_ci AUTO_INCREMENT=2 ;

--
-- Daten für Tabelle `config`
--

INSERT INTO `config` (`id`, `offline`, `layout`) VALUES
(1, 0, 'bootstrap');

-- --------------------------------------------------------

--
-- Tabellenstruktur für Tabelle `employee`
--

CREATE TABLE IF NOT EXISTS `employee` (
  `id` int(11) NOT NULL AUTO_INCREMENT,
  `name` varchar(255) COLLATE utf8_unicode_ci NOT NULL,
  `color` varchar(50) COLLATE utf8_unicode_ci NOT NULL,
  PRIMARY KEY (`id`)
) ENGINE=InnoDB  DEFAULT CHARSET=utf8 COLLATE=utf8_unicode_ci AUTO_INCREMENT=5 ;

--
-- Daten für Tabelle `employee`
--

INSERT INTO `employee` (`id`, `name`, `color`) VALUES
(1, 'Sylke', 'lightgreen'),
(2, 'Bea', 'sandybrown'),
(3, 'Jana', 'lightblue'),
(4, 'Doris', 'lightcoral');

-- --------------------------------------------------------

--
-- Tabellenstruktur für Tabelle `event`
--

CREATE TABLE IF NOT EXISTS `event` (
  `id` int(11) NOT NULL AUTO_INCREMENT,
  `employee_id` int(11) DEFAULT NULL,
  `location_id` int(11) DEFAULT NULL,
  `paymentmethod_id` int(11) DEFAULT NULL,
  `user_id` int(11) DEFAULT NULL,
  `date_start` datetime NOT NULL,
  `date_end` datetime NOT NULL,
  `customer` varchar(255) COLLATE utf8_unicode_ci NOT NULL,
  `info` varchar(255) COLLATE utf8_unicode_ci DEFAULT NULL,
  `extrainfo` text COLLATE utf8_unicode_ci,
  `telephone` varchar(50) COLLATE utf8_unicode_ci DEFAULT NULL,
  `price` varchar(50) COLLATE utf8_unicode_ci DEFAULT NULL,
  `day` date NOT NULL,
  `canceled` tinyint(1) DEFAULT NULL,
  `create_date` datetime NOT NULL,
  PRIMARY KEY (`id`),
  KEY `IDX_FA6F25A38C03F15C` (`employee_id`),
  KEY `IDX_FA6F25A364D218E` (`location_id`),
  KEY `IDX_FA6F25A3778E3E6F` (`paymentmethod_id`),
  KEY `IDX_FA6F25A3A76ED395` (`user_id`)
) ENGINE=InnoDB  DEFAULT CHARSET=utf8 COLLATE=utf8_unicode_ci AUTO_INCREMENT=1246 ;

--
-- Daten für Tabelle `event`
--

INSERT INTO `event` (`id`, `employee_id`, `location_id`, `paymentmethod_id`, `user_id`, `date_start`, `date_end`, `customer`, `info`, `extrainfo`, `telephone`, `price`, `day`, `canceled`, `create_date`) VALUES
(1, 1, 1, 1, 6, '2015-03-04 14:00:00', '2015-03-04 15:00:00', 'Kunde', 'dies ist eine Testinfo', '', NULL, '200', '2015-02-23', 0, '2015-02-23 13:06:22'),
(2, 2, 4, 1, 6, '2015-03-04 18:00:00', '2015-03-04 18:30:00', 'Kunde2', NULL, '', NULL, '150', '2015-02-23', 0, '2015-02-23 15:46:45'),
(7, 1, 1, 1, NULL, '2015-03-04 09:00:00', '2015-03-04 09:30:00', 'test', 'ewfqw', '', NULL, '40', '2015-03-04', 0, '2015-03-04 10:51:06'),
(8, 3, 3, 1, NULL, '2015-03-04 09:00:00', '2015-03-04 10:00:00', 'ttest', 'gdsfs', '', NULL, '40', '2015-03-04', 0, '2015-03-04 11:00:20'),
(10, 1, 2, 2, NULL, '2015-03-04 08:00:00', '2015-03-04 10:00:00', 'dsf', 'dsffsa', '', NULL, '400', '2015-03-04', 0, '2015-03-04 11:04:29'),
(11, 1, 1, 1, NULL, '2015-03-05 08:30:00', '2015-03-05 08:30:00', 'TestKunde', 'asdasd', '', NULL, '40', '2015-03-05', 0, '2015-03-05 21:22:36'),
(12, NULL, 4, NULL, NULL, '2015-03-05 08:00:00', '2015-03-05 09:30:00', 'Testdsfsafs', NULL, '', NULL, NULL, '2015-03-05', 0, '2015-03-05 22:05:37'),
(13, NULL, 3, NULL, NULL, '2015-03-05 10:00:00', '2015-03-05 11:30:00', 'test', NULL, '', NULL, NULL, '2015-03-05', 0, '2015-03-08 22:15:25'),
(14, NULL, 3, NULL, NULL, '2015-03-05 11:00:00', '2015-03-05 11:30:00', 'test2', NULL, '', NULL, NULL, '2015-03-05', 0, '2015-03-08 22:15:48'),
(20, 1, 7, NULL, NULL, '2015-03-16 10:00:00', '2015-03-16 10:30:00', 'wellness-rundgang', NULL, '', NULL, NULL, '2015-03-16', 0, '2015-03-13 17:37:14'),
(22, 1, 7, NULL, NULL, '2015-03-16 13:00:00', '2015-03-16 14:00:00', 'Pause', NULL, '', NULL, NULL, '2015-03-16', 0, '2015-03-13 19:15:41'),
(23, 1, 6, NULL, NULL, '2015-03-16 17:00:00', '2015-03-16 18:30:00', 'Henning', NULL, '', NULL, NULL, '2015-03-16', 0, '2015-03-13 19:25:44'),
(24, 1, 1, 5, NULL, '2015-03-08 08:30:00', '2015-03-08 09:00:00', 'test', 'treas', '', NULL, '50', '2015-03-08', 1, '2015-03-14 10:17:26'),
(26, 1, 7, NULL, NULL, '2015-03-16 15:00:00', '2015-03-16 16:00:00', 'Naulin', 'evtl. 10 min später', '', NULL, NULL, '2015-03-16', 0, '2015-03-14 13:47:31'),
(30, 1, 7, NULL, NULL, '2015-03-16 12:00:00', '2015-03-16 13:30:00', 'Neuland', NULL, '', NULL, NULL, '2015-03-16', 0, '2015-03-14 16:59:23'),
(31, 1, 7, NULL, NULL, '2015-03-16 16:00:00', '2015-03-16 17:00:00', 'Henning', 'Massage', '', NULL, NULL, '2015-03-16', 0, '2015-03-14 17:04:16'),
(34, 1, 7, NULL, NULL, '2015-03-17 12:00:00', '2015-03-17 13:00:00', 'Bourquin', NULL, '', NULL, NULL, '2015-03-17', 0, '2015-03-14 17:10:09'),
(35, 1, 7, NULL, NULL, '2015-03-17 13:00:00', '2015-03-17 14:00:00', 'Büro', NULL, '', NULL, NULL, '2015-03-17', 0, '2015-03-14 17:10:53'),
(36, 1, 7, NULL, NULL, '2015-03-17 14:00:00', '2015-03-17 15:00:00', 'Kunath', NULL, '', NULL, NULL, '2015-03-17', 0, '2015-03-14 17:11:28'),
(37, 1, 6, NULL, NULL, '2015-03-17 17:00:00', '2015-03-17 17:30:00', 'Bantow', 'Akne', '', NULL, NULL, '2015-03-17', 0, '2015-03-14 17:12:43'),
(38, 1, 7, NULL, NULL, '2015-03-17 17:30:00', '2015-03-17 18:00:00', 'BantowMassage', 'Massage', '', NULL, NULL, '2015-03-17', 0, '2015-03-14 17:13:32'),
(40, 2, 8, 4, NULL, '2015-03-17 10:00:00', '2015-03-17 11:00:00', 'Kubowicz', 'Hot Stone rücken + \r\n\r\n\r\n\r\n\r\n\r\nHot Stone Rücken + Pa.', '', NULL, NULL, '2015-03-17', 0, '2015-03-14 17:18:09'),
(41, 2, 9, 4, NULL, '2015-03-17 10:00:00', '2015-03-17 11:00:00', 'Kubowicz', 'Pa. + Hot Stone Rücken', '', NULL, NULL, '2015-03-17', 0, '2015-03-14 17:19:11'),
(42, 2, 3, 4, NULL, '2015-03-18 10:30:00', '2015-03-18 11:30:00', 'Wipperich', 'GP oder RP + Massage', '', NULL, NULL, '2015-03-18', 0, '2015-03-14 17:22:21'),
(43, 2, 4, 4, NULL, '2015-03-18 10:30:00', '2015-03-18 11:30:00', 'Wipperich', 'Ges. oder Fussmass. + Sanddornbad', '', NULL, NULL, '2015-03-18', 0, '2015-03-14 17:24:09'),
(44, 2, 4, 1, NULL, '2015-03-16 10:30:00', '2015-03-16 11:00:00', 'Fr. Barthau', 'RM Stuhl - schwanger', '', NULL, '26,00', '2015-03-16', 0, '2015-03-14 17:50:46'),
(45, 2, 3, 4, NULL, '2015-03-19 17:00:00', '2015-03-19 18:00:00', 'Paeck', 'GP oder RP + Massage', '', NULL, NULL, '2015-03-19', 0, '2015-03-14 17:52:12'),
(46, 2, 4, 4, NULL, '2015-03-19 17:00:00', '2015-03-19 18:00:00', 'Paeck', 'Ges. oder Fussmass. + Sanddornbad', '', NULL, NULL, '2015-03-19', 0, '2015-03-14 17:53:15'),
(48, 2, 3, 4, NULL, '2015-03-19 10:30:00', '2015-03-19 11:30:00', 'Löber', 'Ma + Pa', '', NULL, NULL, '2015-03-19', 0, '2015-03-14 17:56:09'),
(49, 2, 3, 4, NULL, '2015-03-19 11:30:00', '2015-03-19 12:30:00', 'Wipperich', 'GP oder RP + Mass', '', NULL, NULL, '2015-03-19', 0, '2015-03-14 18:41:24'),
(50, 2, 4, 4, NULL, '2015-03-19 11:30:00', '2015-03-19 12:30:00', 'Wipperich', 'Ges. oder Fussmass. + Stirnölguss', '', NULL, NULL, '2015-03-19', 0, '2015-03-14 18:42:45'),
(52, 2, 4, 5, NULL, '2015-03-19 18:00:00', '2015-03-19 19:00:00', 'Paeck', 'Hot Stone GK', '', NULL, '58,00', '2015-03-19', 0, '2015-03-14 18:45:16'),
(54, 1, 7, NULL, NULL, '2015-03-19 10:30:00', '2015-03-19 11:00:00', 'Simone', NULL, '', NULL, NULL, '2015-03-19', 0, '2015-03-14 18:46:48'),
(55, 1, 7, NULL, NULL, '2015-03-19 11:00:00', '2015-03-19 12:00:00', 'Osteo', NULL, '', NULL, NULL, '2015-03-19', 0, '2015-03-14 18:47:22'),
(56, 1, 7, NULL, NULL, '2015-03-19 13:30:00', '2015-03-19 14:00:00', 'büro', NULL, '', NULL, NULL, '2015-03-19', 0, '2015-03-14 18:47:55'),
(57, 1, 7, NULL, NULL, '2015-03-19 15:00:00', '2015-03-19 16:00:00', 'HASE', NULL, '', NULL, NULL, '2015-03-19', 0, '2015-03-14 18:48:35'),
(58, 4, 8, 4, NULL, '2015-03-19 19:30:00', '2015-03-19 20:30:00', 'Schlüter', 'Pack + Hot Stone RM', '', NULL, NULL, '2015-03-19', 0, '2015-03-14 18:49:42'),
(59, 4, 9, 4, NULL, '2015-03-19 19:30:00', '2015-03-19 20:30:00', 'Schlüter', 'RM *Pack.', '', NULL, NULL, '2015-03-19', 0, '2015-03-14 18:50:45'),
(61, 2, 9, NULL, NULL, '2015-03-17 11:30:00', '2015-03-17 12:00:00', 'Barthau', 'Rückenmassage', '', NULL, '26,00', '2015-03-17', 0, '2015-03-17 13:41:53'),
(62, 1, 7, 2, NULL, '2015-03-17 10:00:00', '2015-03-17 11:00:00', 'Simone Lück', NULL, '', NULL, '50 €', '2015-03-17', 0, '2015-03-17 13:46:59'),
(63, 1, 7, 1, NULL, '2015-03-17 15:00:00', '2015-03-17 16:00:00', 'Hr. Nitsche', NULL, '', NULL, '65,-', '2015-03-17', 0, '2015-03-17 13:48:07'),
(64, 1, 6, 1, NULL, '2015-03-19 12:00:00', '2015-03-19 13:30:00', 'Küster', 'gr. Kosmetik', '', NULL, NULL, '2015-03-19', 0, '2015-03-17 14:04:05'),
(65, 4, 2, NULL, NULL, '2015-03-20 16:00:00', '2015-03-20 16:30:00', 'Heike', 'Massage', '', NULL, NULL, '2015-03-20', 0, '2015-03-17 14:07:17'),
(66, 2, 3, 4, NULL, '2015-03-20 17:00:00', '2015-03-20 18:00:00', 'Paeck', 'Ges. oder Rückenpack + RM', '', NULL, NULL, '2015-03-20', 0, '2015-03-17 14:08:29'),
(67, 2, 4, 4, NULL, '2015-03-20 17:00:00', '2015-03-20 18:00:00', 'Paeck', 'Ges. - oder Fussmass. + Bad', '', NULL, NULL, '2015-03-20', 0, '2015-03-17 14:09:33'),
(68, 1, 7, NULL, NULL, '2015-03-20 09:30:00', '2015-03-20 10:00:00', 'Wagner', NULL, '', NULL, NULL, '2015-03-20', 0, '2015-03-17 14:29:01'),
(69, 1, 7, NULL, NULL, '2015-03-20 10:00:00', '2015-03-20 11:00:00', 'Bourquin senior', NULL, '', NULL, NULL, '2015-03-20', 0, '2015-03-17 14:30:52'),
(70, 1, 7, NULL, NULL, '2015-03-20 11:00:00', '2015-03-20 12:00:00', 'Dohnau', NULL, '', NULL, NULL, '2015-03-20', 0, '2015-03-17 14:31:28'),
(71, 1, 7, NULL, NULL, '2015-03-20 12:00:00', '2015-03-20 13:00:00', 'Neuland', NULL, '', NULL, NULL, '2015-03-20', 0, '2015-03-17 14:31:54'),
(72, 1, 7, NULL, NULL, '2015-03-20 13:00:00', '2015-03-20 13:30:00', 'Hennig', NULL, '', NULL, NULL, '2015-03-20', 0, '2015-03-17 14:32:45'),
(73, 1, 7, NULL, NULL, '2015-03-20 13:30:00', '2015-03-20 14:00:00', 'Bantow', NULL, '', NULL, NULL, '2015-03-20', 0, '2015-03-17 14:33:04'),
(74, 1, 7, NULL, NULL, '2015-03-20 14:00:00', '2015-03-20 15:00:00', 'Büro', NULL, '', NULL, NULL, '2015-03-20', 0, '2015-03-17 14:33:38'),
(75, 2, 3, 1, NULL, '2015-03-18 11:30:00', '2015-03-18 12:30:00', 'Wipperich', 'GK-Packung Sanddorncreme', '', NULL, '59,00', '2015-03-18', 0, '2015-03-17 14:35:15'),
(76, 2, 4, 1, NULL, '2015-03-18 11:30:00', '2015-03-18 12:30:00', 'wipperich', 'GK SÖ', '', NULL, '55,00', '2015-03-18', 0, '2015-03-17 14:36:36'),
(77, 2, 3, 1, NULL, '2015-03-19 15:30:00', '2015-03-19 16:30:00', 'Wipperich', 'Hot Stone GK', '', NULL, '58,00', '2015-03-19', 0, '2015-03-17 14:37:33'),
(78, 2, 4, 1, NULL, '2015-03-19 14:30:00', '2015-03-19 15:30:00', 'Wipperich', 'Massagekerze Detox', '', NULL, '60', '2015-03-19', 0, '2015-03-17 14:38:06'),
(79, 4, 9, 4, NULL, '2015-03-20 19:00:00', '2015-03-20 20:00:00', 'Schlüter', 'RM + Pack.', '', NULL, NULL, '2015-03-20', 0, '2015-03-17 14:39:47'),
(80, 4, 8, 4, NULL, '2015-03-20 19:00:00', '2015-03-20 20:00:00', 'Schlüter', 'Pack. + Hot Stone Rücken', '', NULL, NULL, '2015-03-20', 0, '2015-03-17 14:40:36'),
(81, 1, 7, NULL, NULL, '2015-03-21 10:00:00', '2015-03-21 11:00:00', 'Karnagel', 'o. I.', '', NULL, NULL, '2015-03-21', 0, '2015-03-17 14:44:25'),
(82, 1, 7, 3, NULL, '2015-03-21 11:00:00', '2015-03-21 12:00:00', 'Münsterteicher', NULL, '', NULL, NULL, '2015-03-21', 0, '2015-03-17 14:44:57'),
(83, 1, 7, NULL, NULL, '2015-03-21 12:00:00', '2015-03-21 13:00:00', 'Franka', 'privat', '', NULL, NULL, '2015-03-21', 0, '2015-03-17 14:45:46'),
(84, 1, 7, NULL, NULL, '2015-03-21 13:00:00', '2015-03-21 15:00:00', 'Büro', NULL, '', NULL, NULL, '2015-03-21', 0, '2015-03-17 14:47:11'),
(85, 1, 6, 1, NULL, '2015-03-21 15:00:00', '2015-03-21 16:30:00', 'Kuse', 'kl. Kosmetik + AB + Wimpern färben + wachsen', '', NULL, NULL, '2015-03-21', 0, '2015-03-17 14:48:35'),
(86, 1, 7, 1, NULL, '2015-03-21 16:30:00', '2015-03-21 17:00:00', 'Wolff', 'Anti-Stress-Mass. 03834 502516', '', NULL, NULL, '2015-03-21', 0, '2015-03-17 14:50:09'),
(87, 4, 8, 1, NULL, '2015-03-21 15:00:00', '2015-03-21 16:00:00', 'Weber', 'Pa + Ma', '', NULL, NULL, '2015-03-21', 0, '2015-03-17 14:51:14'),
(88, 4, 8, 4, NULL, '2015-03-21 16:00:00', '2015-03-21 17:00:00', 'Kulicke', 'GP - schwanger', '', NULL, NULL, '2015-03-21', 0, '2015-03-17 14:57:58'),
(89, 4, 9, 4, NULL, '2015-03-21 16:00:00', '2015-03-21 17:00:00', 'Kulicke', 'RP will nicht!', '', NULL, NULL, '2015-03-21', 0, '2015-03-17 14:58:42'),
(90, 1, 5, 4, NULL, '2015-03-21 16:00:00', '2015-03-21 16:30:00', 'Fritsche', 'Ro.-Bad', '', NULL, NULL, '2015-03-21', 0, '2015-03-17 15:02:14'),
(91, 2, 5, 4, NULL, '2015-03-21 17:00:00', '2015-03-21 17:30:00', 'Hein', 'Ro.-Bad', '', NULL, NULL, '2015-03-21', 0, '2015-03-17 15:15:45'),
(92, 2, 3, 4, NULL, '2015-03-21 09:30:00', '2015-03-21 10:30:00', 'Bastubbe', 'Pack. + RM', '', NULL, NULL, '2015-03-21', 0, '2015-03-17 15:17:31'),
(93, 2, 4, 4, NULL, '2015-03-21 09:30:00', '2015-03-21 10:30:00', 'Bastubbe', 'RM + Pack.', '', NULL, NULL, '2015-03-21', 0, '2015-03-17 15:18:05'),
(94, 2, 4, NULL, NULL, '2015-03-21 15:00:00', '2015-03-21 15:30:00', 'Kuse', 'RM', '', NULL, '26', '2015-03-21', 0, '2015-03-17 15:18:47'),
(95, 2, 3, 1, NULL, '2015-03-21 15:30:00', '2015-03-21 16:30:00', 'Burghardt', 'entsp. Rücken', '', NULL, '46,00', '2015-03-21', 0, '2015-03-17 15:22:05'),
(96, 2, 4, NULL, NULL, '2015-03-21 15:30:00', '2015-03-21 16:30:00', 'Burghardt', 'entsp. Rücken', '', NULL, '46,00', '2015-03-21', 0, '2015-03-17 15:23:00'),
(97, 2, 4, 1, NULL, '2015-03-21 16:30:00', '2015-03-21 17:30:00', 'Wolff', 'Sanddorn-Kombi', '', NULL, '58,00', '2015-03-21', 0, '2015-03-17 15:24:48'),
(98, 1, 7, NULL, NULL, '2015-03-23 10:00:00', '2015-03-23 11:00:00', 'Wellnessrundgang', NULL, '', NULL, NULL, '2015-03-23', 0, '2015-03-17 15:49:32'),
(100, 1, 7, NULL, NULL, '2015-03-23 12:00:00', '2015-03-23 13:00:00', 'Neuland', NULL, '', NULL, NULL, '2015-03-23', 0, '2015-03-17 15:50:55'),
(103, 1, 7, NULL, NULL, '2015-03-23 15:00:00', '2015-03-23 16:00:00', 'Werth', NULL, '', NULL, NULL, '2015-03-23', 0, '2015-03-17 15:52:22'),
(104, 1, 7, NULL, NULL, '2015-03-24 11:00:00', '2015-03-24 12:00:00', 'Röder', NULL, '', NULL, NULL, '2015-03-24', 0, '2015-03-17 15:53:33'),
(105, 1, 7, NULL, NULL, '2015-03-24 12:00:00', '2015-03-24 13:00:00', 'Bourquin', NULL, '', NULL, NULL, '2015-03-24', 0, '2015-03-17 15:54:11'),
(106, 1, 7, NULL, NULL, '2015-03-24 13:00:00', '2015-03-24 14:30:00', 'Büro', NULL, '', NULL, NULL, '2015-03-24', 0, '2015-03-17 15:54:37'),
(107, 1, 7, NULL, NULL, '2015-03-24 16:00:00', '2015-03-24 17:00:00', 'Naulin', NULL, '', NULL, NULL, '2015-03-24', 1, '2015-03-17 15:55:11'),
(108, 1, 7, NULL, NULL, '2015-03-24 17:00:00', '2015-03-24 18:00:00', 'Trams', NULL, '', NULL, NULL, '2015-03-24', 0, '2015-03-17 15:55:38'),
(109, 1, 6, NULL, NULL, '2015-03-25 18:00:00', '2015-03-25 19:00:00', 'Sybille', 'Kosmetik', '', NULL, NULL, '2015-03-25', 0, '2015-03-17 15:56:59'),
(112, 1, 7, NULL, NULL, '2015-03-26 09:30:00', '2015-03-26 10:30:00', 'Wüstenberg', 'nicht erschienen', '', NULL, NULL, '2015-03-26', 0, '2015-03-17 16:03:01'),
(113, 1, 7, NULL, NULL, '2015-03-26 13:00:00', '2015-03-26 13:30:00', 'Hennig', NULL, '', NULL, NULL, '2015-03-26', 1, '2015-03-17 16:03:41'),
(114, 1, 7, NULL, NULL, '2015-03-26 14:00:00', '2015-03-26 15:00:00', 'Kunath', NULL, '', NULL, NULL, '2015-03-26', 0, '2015-03-17 16:04:04'),
(115, 1, 7, NULL, NULL, '2015-03-26 15:00:00', '2015-03-26 16:00:00', 'Haase', NULL, '', NULL, NULL, '2015-03-26', 0, '2015-03-17 16:04:27'),
(116, 2, 3, 4, NULL, '2015-03-26 12:30:00', '2015-03-26 13:30:00', 'Wagenknecht', 'RM * Pack.', '', NULL, NULL, '2015-03-26', 0, '2015-03-17 16:07:01'),
(117, 2, 4, 4, NULL, '2015-03-26 12:30:00', '2015-03-26 13:30:00', 'Wagenknecht', 'Pack. + RM', '', NULL, NULL, '2015-03-26', 0, '2015-03-17 16:07:49'),
(119, 1, 7, NULL, NULL, '2015-03-27 12:00:00', '2015-03-27 13:00:00', 'Neuland', NULL, '', NULL, NULL, '2015-03-27', 0, '2015-03-17 16:31:42'),
(120, 1, 7, NULL, NULL, '2015-03-27 13:00:00', '2015-03-27 13:30:00', 'Büro', NULL, '', NULL, NULL, '2015-03-27', 0, '2015-03-17 16:32:02'),
(121, 1, 6, 7, NULL, '2015-04-14 17:00:00', '2015-04-14 17:30:00', 'Tom Bantow', 'Aknebeh.', NULL, NULL, '25', '2015-04-14', 0, '2015-03-17 16:44:44'),
(122, 3, 9, 4, NULL, '2015-03-26 10:30:00', '2015-03-26 11:00:00', 'Gaebel', 'GP o. RP', '', NULL, NULL, '2015-03-26', 0, '2015-03-17 17:12:26'),
(123, 3, 8, 4, NULL, '2015-03-26 10:30:00', '2015-03-26 11:00:00', 'Gaebel', 'GP o. RP', '', NULL, NULL, '2015-03-26', 0, '2015-03-17 17:13:05'),
(128, 4, 1, 4, NULL, '2015-03-27 19:00:00', '2015-03-27 20:00:00', 'Fischer', 'RM + Pack.', '', NULL, NULL, '2015-03-27', 0, '2015-03-17 17:22:11'),
(129, 4, 2, 3, NULL, '2015-03-27 19:00:00', '2015-03-27 20:00:00', 'Fischer', 'Pack. + RM', '', NULL, NULL, '2015-03-27', 0, '2015-03-17 17:23:00'),
(130, 2, 3, 4, NULL, '2015-03-27 19:00:00', '2015-03-27 20:00:00', 'Gruehlke', 'RM + Pack.', '', NULL, NULL, '2015-03-27', 0, '2015-03-17 17:23:49'),
(131, 2, 4, 4, NULL, '2015-03-27 19:00:00', '2015-03-27 20:00:00', 'Harloff', 'Pack. + RM', '', NULL, NULL, '2015-03-27', 0, '2015-03-17 17:24:44'),
(132, 2, 3, 4, NULL, '2015-03-20 10:30:00', '2015-03-20 11:30:00', 'Szofer', 'Pack. + RM', '', NULL, NULL, '2015-03-20', 0, '2015-03-18 13:03:22'),
(133, 2, 4, 4, NULL, '2015-03-20 10:30:00', '2015-03-20 11:30:00', 'Szofer', 'RM + Pack.', '', NULL, NULL, '2015-03-20', 0, '2015-03-18 13:03:58'),
(134, 2, 4, 4, NULL, '2015-03-28 09:30:00', '2015-03-28 10:00:00', 'Pust', 'SNK - Neckermann', '', NULL, NULL, '2015-03-28', 0, '2015-03-18 13:34:30'),
(135, 2, 4, 4, NULL, '2015-03-28 10:00:00', '2015-03-28 11:00:00', 'Götze', 'RM+ Pack', '', NULL, NULL, '2015-03-28', 0, '2015-03-18 13:35:52'),
(136, 2, 3, 4, NULL, '2015-03-28 10:00:00', '2015-03-28 11:00:00', 'Götze', 'Pack. + RM', '', NULL, NULL, '2015-03-28', 0, '2015-03-18 13:36:25'),
(137, 2, 3, 4, NULL, '2015-03-28 11:00:00', '2015-03-28 11:30:00', 'Erlautzki', 'GP o. RP', '', NULL, NULL, '2015-03-28', 0, '2015-03-18 13:38:27'),
(138, 2, 4, 4, NULL, '2015-03-28 11:00:00', '2015-03-28 11:30:00', 'Erlautzki', 'GP o. RP', '', NULL, NULL, '2015-03-28', 0, '2015-03-18 13:39:05'),
(139, 4, 2, 1, NULL, '2015-03-28 17:00:00', '2015-03-28 17:30:00', 'Harloff', 'Gesichtsmassage', '', NULL, '27,00', '2015-03-28', 0, '2015-03-18 13:43:11'),
(140, 2, 5, 4, NULL, '2015-03-28 16:00:00', '2015-03-28 17:00:00', 'Fischer', 'Romantikbad', '', NULL, NULL, '2015-03-28', 0, '2015-03-18 13:43:58'),
(141, 2, 5, 4, NULL, '2015-03-28 17:00:00', '2015-03-28 18:00:00', 'Gruehlke/ Harloff', 'Romantikbad', '', NULL, NULL, '2015-03-28', 0, '2015-03-18 13:45:46'),
(143, 1, 7, NULL, NULL, '2015-03-28 12:00:00', '2015-03-28 14:00:00', 'Franka', NULL, '', NULL, NULL, '2015-03-28', 0, '2015-03-18 13:47:15'),
(144, 3, 8, 1, NULL, '2015-03-28 11:00:00', '2015-03-28 12:00:00', 'Hamann', 'Hot-Stone-Kombi\r\n0176/ 38656620', '', NULL, '58,00', '2015-03-28', 0, '2015-03-18 13:49:56'),
(145, 3, 8, 1, NULL, '2015-03-28 12:00:00', '2015-03-28 13:00:00', 'Hamann', 'Hot-Stone-Kombi', '', NULL, '58,00', '2015-03-28', 0, '2015-03-18 13:50:32'),
(146, 3, 8, 1, NULL, '2015-03-28 13:30:00', '2015-03-28 14:30:00', 'Hamann', 'Hot-Stone-Kombi', '', NULL, '58,00', '2015-03-28', 0, '2015-03-18 13:51:14'),
(147, 3, 8, 4, NULL, '2015-03-28 10:00:00', '2015-03-28 11:00:00', 'Stein', 'Ma + Pa', '', NULL, NULL, '2015-03-28', 0, '2015-03-18 13:51:50'),
(148, 3, 9, 4, NULL, '2015-03-28 10:00:00', '2015-03-28 11:00:00', 'Stein', 'Pa + Ma', '', NULL, NULL, '2015-03-28', 0, '2015-03-18 13:52:20'),
(149, 3, 1, 1, NULL, '2015-03-30 10:30:00', '2015-03-30 11:00:00', 'Steinicke', 'RM', '', NULL, '26,00', '2015-03-30', 0, '2015-03-18 13:55:50'),
(150, 2, 4, 1, NULL, '2015-03-30 10:30:00', '2015-03-30 11:00:00', 'Steinicke', 'RM', NULL, '039977379856', '26,00', '2015-03-30', 0, '2015-03-18 13:56:19'),
(151, 1, 7, NULL, NULL, '2015-03-30 10:00:00', '2015-03-30 11:00:00', 'Wellnessrundgang', 'Fr. Fassmann', 'fastengruppe 18 leute', NULL, NULL, '2015-03-30', 0, '2015-03-18 13:57:44'),
(152, 1, 7, NULL, NULL, '2015-03-30 11:00:00', '2015-03-30 12:00:00', 'Röder', NULL, '', NULL, NULL, '2015-03-30', 0, '2015-03-18 13:58:08'),
(154, 1, 7, NULL, NULL, '2015-03-30 13:00:00', '2015-03-30 14:00:00', 'Büro', NULL, '', NULL, NULL, '2015-03-30', 0, '2015-03-18 13:58:48'),
(155, 1, 7, 4, NULL, '2015-03-30 14:00:00', '2015-03-30 15:00:00', 'Giese', 'Gespräch', '', NULL, NULL, '2015-03-30', 0, '2015-03-18 14:00:41'),
(158, 1, 6, NULL, NULL, '2015-03-31 09:30:00', '2015-03-31 10:30:00', 'Gerhild', 'Kosmetik', '', NULL, NULL, '2015-03-31', 0, '2015-03-18 14:09:01'),
(159, 1, 7, NULL, NULL, '2015-03-31 12:00:00', '2015-03-31 13:00:00', 'Bourquin', NULL, '', NULL, NULL, '2015-03-31', 0, '2015-03-18 14:09:52'),
(160, 1, 7, NULL, NULL, '2015-03-31 13:00:00', '2015-03-31 14:00:00', 'Büro', NULL, '', NULL, NULL, '2015-03-31', 0, '2015-03-18 14:10:13'),
(161, 1, 7, NULL, NULL, '2015-03-31 16:00:00', '2015-03-31 16:30:00', 'Koos', 'Massage', '', NULL, NULL, '2015-03-31', 0, '2015-03-18 14:11:19'),
(162, 1, 6, NULL, NULL, '2015-03-31 16:30:00', '2015-03-31 18:00:00', 'Koos', 'gr. Kosmetik', '', NULL, NULL, '2015-03-31', 0, '2015-03-18 14:11:54'),
(163, 4, 2, 4, NULL, '2015-03-31 15:00:00', '2015-03-31 16:00:00', 'Giese', 'Kopfschmerzmassage', 'Kosmetiktermin am Donnerstag bitte von 10.30 Uhr auf 12.00 Uhr verschieben. Ich habe übersehen das die Kosmetikkabine schon besetzt ist.', NULL, NULL, '2015-03-31', 0, '2015-03-18 14:12:29'),
(164, 1, 7, NULL, NULL, '2015-04-02 09:30:00', '2015-04-02 10:30:00', 'Wüstenberg', NULL, '', NULL, NULL, '2015-04-02', 0, '2015-03-18 14:17:43'),
(165, 1, 6, 2, NULL, '2015-04-02 10:30:00', '2015-04-02 12:00:00', 'Heiks', 'gr. Kosmetik', NULL, NULL, '77,-', '2015-04-02', 0, '2015-03-18 14:19:34'),
(166, 1, 7, NULL, NULL, '2015-04-02 13:00:00', '2015-04-02 14:00:00', 'Büro', NULL, '', NULL, NULL, '2015-04-02', 0, '2015-03-18 14:19:59'),
(167, 1, 7, NULL, NULL, '2015-04-02 15:00:00', '2015-04-02 16:00:00', 'Haase', NULL, '', NULL, NULL, '2015-04-02', 0, '2015-03-18 14:20:25'),
(172, 2, 3, 1, NULL, '2015-04-04 17:00:00', '2015-04-04 18:00:00', 'Becker                               0162/ 4052933', 'Rücken intensiv', '', NULL, '53,00', '2015-04-04', 0, '2015-03-18 14:27:40'),
(173, 1, 7, NULL, NULL, '2015-04-06 10:00:00', '2015-04-06 11:00:00', 'Wellnessrundgang', NULL, '', NULL, NULL, '2015-04-06', 0, '2015-03-18 14:29:33'),
(177, 1, 7, NULL, NULL, '2015-04-07 11:00:00', '2015-04-07 12:00:00', 'Röder', NULL, '', NULL, NULL, '2015-04-07', 0, '2015-03-18 14:50:34'),
(178, 1, 7, NULL, NULL, '2015-04-07 12:00:00', '2015-04-07 13:00:00', 'Bourquin', NULL, '', NULL, NULL, '2015-04-07', 0, '2015-03-18 14:51:01'),
(179, 1, 7, NULL, NULL, '2015-04-07 13:00:00', '2015-04-07 13:30:00', 'Büro', NULL, '', NULL, NULL, '2015-04-07', 0, '2015-03-18 14:51:21'),
(180, 1, 6, NULL, NULL, '2015-04-07 13:30:00', '2015-04-07 15:00:00', 'Matz', 'gr. Kosmetik', NULL, NULL, NULL, '2015-04-07', 0, '2015-03-18 14:52:00'),
(181, 1, 7, NULL, NULL, '2015-04-09 09:30:00', '2015-04-09 10:30:00', 'Wüstenberg', NULL, '', NULL, NULL, '2015-04-09', 0, '2015-03-18 14:54:10'),
(182, 1, 7, NULL, NULL, '2015-04-09 13:00:00', '2015-04-09 14:00:00', 'Büro', NULL, '', NULL, NULL, '2015-04-09', 0, '2015-03-18 14:54:32'),
(183, 1, 6, 2, NULL, '2015-04-09 17:00:00', '2015-04-09 18:00:00', 'Rößler', 'Kosmetik', NULL, NULL, NULL, '2015-04-09', 0, '2015-03-18 14:55:07'),
(184, 1, 7, NULL, NULL, '2015-04-10 11:00:00', '2015-04-10 12:00:00', 'Dohnau', NULL, NULL, NULL, NULL, '2015-04-10', 0, '2015-03-18 14:56:28'),
(185, 1, 7, NULL, NULL, '2015-04-10 12:00:00', '2015-04-10 13:00:00', 'Neuland', NULL, '', NULL, NULL, '2015-04-10', 0, '2015-03-18 14:56:52'),
(186, 1, 7, NULL, NULL, '2015-04-10 13:00:00', '2015-04-10 13:30:00', 'Büro', NULL, '', NULL, NULL, '2015-04-10', 0, '2015-03-18 14:57:11'),
(187, 1, 7, NULL, NULL, '2015-04-13 10:00:00', '2015-04-13 10:30:00', 'Wellnessrundgang', NULL, '', NULL, NULL, '2015-04-13', 0, '2015-03-18 15:04:00'),
(188, 1, 7, 7, NULL, '2015-04-13 16:00:00', '2015-04-13 16:30:00', 'Hennig', 'Ma', NULL, NULL, NULL, '2015-04-13', 0, '2015-03-18 15:04:23'),
(189, 1, 6, 7, NULL, '2015-04-13 16:30:00', '2015-04-13 18:00:00', 'Hennig', 'Kosmetik', NULL, NULL, NULL, '2015-04-13', 0, '2015-03-18 15:04:48'),
(190, 1, 7, NULL, NULL, '2015-04-13 13:00:00', '2015-04-13 14:00:00', 'Büro', NULL, '', NULL, NULL, '2015-04-13', 0, '2015-03-18 15:05:05'),
(191, 2, 4, 4, NULL, '2015-03-20 18:00:00', '2015-03-20 19:00:00', 'Fr. Ott', 'GK SÖ', '', NULL, NULL, '2015-03-20', 0, '2015-03-18 15:15:12'),
(194, 4, 8, 4, NULL, '2015-03-21 17:00:00', '2015-03-21 18:00:00', 'Drews', 'RM + Pack', '', NULL, NULL, '2015-03-21', 0, '2015-03-18 15:58:46'),
(195, 4, 9, 4, NULL, '2015-03-21 17:00:00', '2015-03-21 18:00:00', 'Drews', 'Pack + RM', '', NULL, NULL, '2015-03-21', 0, '2015-03-18 15:59:16'),
(196, 1, 6, 5, NULL, '2015-03-19 14:00:00', '2015-03-19 14:30:00', 'Becker', 'Augen', '', NULL, '25', '2015-03-19', 0, '2015-03-19 08:44:48'),
(197, 4, 8, 1, NULL, '2015-03-19 17:30:00', '2015-03-19 19:00:00', 'Fr. Weckmüller', 'gr. Kosmetik', '', NULL, '77,-€ GS', '2015-03-19', 0, '2015-03-19 08:46:17'),
(198, 4, 8, NULL, NULL, '2015-03-19 17:00:00', '2015-03-19 17:00:00', 'Doris', 'Glowe fahren', '', NULL, NULL, '2015-03-19', 0, '2015-03-19 08:47:13'),
(199, 4, 8, NULL, NULL, '2015-03-20 18:30:00', '2015-03-20 19:00:00', 'Doris', 'Anfahrt', '', NULL, NULL, '2015-03-20', 0, '2015-03-19 09:25:12'),
(203, 4, 2, 1, NULL, '2015-03-27 17:30:00', '2015-03-27 18:00:00', 'Apelt', 'Rü. ind.', '', NULL, '30', '2015-03-27', 0, '2015-03-19 15:20:13'),
(204, 2, 3, 1, NULL, '2015-03-27 17:30:00', '2015-03-27 18:00:00', 'Apelt', 'Fußreflex', '', NULL, '26,00', '2015-03-27', 0, '2015-03-19 15:22:54'),
(205, 1, 7, 3, NULL, '2015-04-07 15:00:00', '2015-04-07 16:00:00', 'Haase', NULL, '', NULL, NULL, '2015-04-07', 0, '2015-03-19 15:33:46'),
(206, 3, 8, NULL, NULL, '2015-03-28 13:00:00', '2015-03-28 13:30:00', 'Pause', NULL, '', NULL, NULL, '2015-03-28', 0, '2015-03-19 16:11:12'),
(207, 1, 7, NULL, NULL, '2015-04-14 15:00:00', '2015-04-14 16:00:00', 'Haase', NULL, '', NULL, NULL, '2015-04-14', 0, '2015-03-19 16:22:49'),
(208, 4, 2, 4, NULL, '2015-04-01 15:00:00', '2015-04-01 16:00:00', 'Giese', 'Entsp. Rücken', '', NULL, NULL, '2015-04-01', 0, '2015-03-19 16:36:52'),
(209, 1, 7, 4, NULL, '2015-04-02 14:00:00', '2015-04-02 15:00:00', 'Giese', 'Muskelentsp.', '', NULL, NULL, '2015-04-02', 0, '2015-03-19 16:38:07'),
(210, 4, 2, 4, NULL, '2015-04-03 18:30:00', '2015-04-03 19:30:00', 'Giese', 'Ganzkörpermassage', NULL, NULL, NULL, '2015-04-03', 0, '2015-03-19 16:44:12'),
(211, 2, 4, 4, NULL, '2015-03-30 15:00:00', '2015-03-30 15:30:00', 'Giese', 'Hot Stone RM', '', NULL, NULL, '2015-03-30', 0, '2015-03-19 16:45:13'),
(212, 2, 4, 1, NULL, '2015-03-20 13:30:00', '2015-03-20 14:30:00', 'Gottwald', 'GK-Entschl.Pack. Angebot', '', NULL, '53,10', '2015-03-20', 0, '2015-03-20 10:52:25'),
(213, 2, 3, 1, NULL, '2015-03-20 19:00:00', '2015-03-20 19:30:00', 'Paeck/ Wendt', 'RM', '', NULL, NULL, '2015-03-20', 0, '2015-03-20 10:53:38'),
(216, 2, 4, 1, NULL, '2015-03-25 09:30:00', '2015-03-25 11:00:00', 'Davenport', 'Mssagetraum', '', NULL, '85,00', '2015-03-25', 0, '2015-03-20 11:24:26'),
(217, NULL, 7, NULL, NULL, '2015-03-30 15:00:00', '2015-03-30 15:30:00', 'Wagnet', NULL, '', NULL, NULL, '2015-03-30', 0, '2015-03-20 11:33:10'),
(218, NULL, 7, NULL, NULL, '2015-03-30 15:00:00', '2015-03-30 15:30:00', 'Wagnet', NULL, '', NULL, NULL, '2015-03-30', 0, '2015-03-20 11:33:10'),
(219, NULL, 7, NULL, NULL, '2015-03-30 15:00:00', '2015-03-30 15:30:00', 'Wagnet', NULL, '', NULL, NULL, '2015-03-30', 0, '2015-03-20 11:33:10'),
(220, NULL, 7, NULL, NULL, '2015-03-30 15:00:00', '2015-03-30 15:30:00', 'Wagnet', NULL, '', NULL, NULL, '2015-03-30', 0, '2015-03-20 11:33:11'),
(221, 1, 7, NULL, NULL, '2015-03-30 15:00:00', '2015-03-30 15:30:00', 'Wagner', NULL, '', NULL, NULL, '2015-03-30', 0, '2015-03-20 11:33:11'),
(222, 1, 7, NULL, NULL, '2015-03-30 15:30:00', '2015-03-30 16:30:00', 'bourquin senior', NULL, '', NULL, NULL, '2015-03-30', 0, '2015-03-20 11:34:24'),
(223, 3, 8, NULL, NULL, '2015-03-30 14:30:00', '2015-03-30 15:00:00', 'Anfahrt Glowe', NULL, '', NULL, NULL, '2015-03-30', 0, '2015-03-20 11:34:58'),
(229, 2, 2, 1, NULL, '2015-03-21 16:30:00', '2015-03-21 17:30:00', 'Kalth', 'HKP GK', '', NULL, '48,00', '2015-03-21', 0, '2015-03-20 13:03:26'),
(230, 2, 1, 1, NULL, '2015-03-21 17:30:00', '2015-03-21 18:30:00', 'Fr. Kath', 'entsp.  Lächeln', '', NULL, '46,00', '2015-03-21', 0, '2015-03-20 13:07:03'),
(231, 1, 7, NULL, NULL, '2015-03-23 17:00:00', '2015-03-23 17:30:00', 'Bantow', NULL, '', NULL, NULL, '2015-03-23', 0, '2015-03-20 13:08:56'),
(232, 1, 7, NULL, NULL, '2015-03-23 13:00:00', '2015-03-23 14:00:00', 'Büro', NULL, '', NULL, NULL, '2015-03-23', 0, '2015-03-20 13:12:42'),
(233, 1, 7, NULL, NULL, '2015-03-26 12:00:00', '2015-03-26 13:00:00', 'Dohnau', NULL, '', NULL, NULL, '2015-03-26', 0, '2015-03-20 13:23:02'),
(234, 1, 7, NULL, NULL, '2015-03-26 13:30:00', '2015-03-26 14:00:00', 'Büro', NULL, '', NULL, NULL, '2015-03-26', 0, '2015-03-20 13:23:46'),
(235, 1, 7, NULL, NULL, '2015-03-27 13:30:00', '2015-03-27 14:00:00', 'Bantow', NULL, '', NULL, NULL, '2015-03-27', 0, '2015-03-20 13:25:45'),
(238, 3, 8, NULL, NULL, '2015-03-26 11:00:00', '2015-03-26 11:30:00', 'Jana Fahrzeit', NULL, '', NULL, NULL, '2015-03-26', 0, '2015-03-20 13:38:40'),
(239, 3, 8, 1, NULL, '2015-03-30 14:30:00', '2015-03-30 16:00:00', 'Fr. Lippert', 'Kosmetik, Hot Stone RM', NULL, NULL, '81', '2015-03-30', 0, '2015-03-20 13:54:01'),
(240, 3, 8, 1, NULL, '2015-03-30 14:30:00', '2015-03-30 15:00:00', 'Fr. Lippert', 'Hot Stone Rückenmassage', NULL, NULL, '29,-', '2015-03-30', 0, '2015-03-20 13:56:38'),
(241, 3, 1, NULL, NULL, '2015-03-30 14:00:00', '2015-03-30 14:30:00', 'Fahrzeit Jana', NULL, NULL, NULL, NULL, '2015-03-30', 0, '2015-03-20 13:57:28'),
(242, 4, 2, 1, NULL, '2015-03-31 16:00:00', '2015-03-31 16:30:00', 'Hr. Lippert', 'Massage ind.', '', NULL, '30', '2015-03-31', 0, '2015-03-20 14:01:23'),
(243, 2, 3, 1, NULL, '2015-03-31 16:00:00', '2015-03-31 16:30:00', 'Fr. Lippert', 'Ma. ind.', '', NULL, '30', '2015-03-31', 0, '2015-03-20 14:01:59'),
(244, 4, 2, 7, NULL, '2015-04-02 16:00:00', '2015-04-02 16:30:00', 'Hr. Lippert', 'Hot Stone RM', NULL, NULL, '29', '2015-04-02', 0, '2015-03-20 14:05:32'),
(245, 2, 3, 7, NULL, '2015-04-02 16:00:00', '2015-04-02 16:30:00', 'Fr. Lippert', 'Ma ind.', NULL, NULL, '30', '2015-04-02', 0, '2015-03-20 14:06:14'),
(246, 4, 2, 1, NULL, '2015-03-20 17:00:00', '2015-03-20 17:30:00', 'hein', 'gp', '', NULL, '24..00', '2015-03-20', 0, '2015-03-20 15:02:33'),
(247, 3, 6, 7, NULL, '2015-04-17 10:30:00', '2015-04-17 12:00:00', 'Küster', 'gr. Kosmetik', NULL, NULL, '77,00', '2015-04-17', 0, '2015-03-20 15:08:28'),
(248, 1, 7, NULL, NULL, '2015-04-13 10:30:00', '2015-04-13 11:00:00', 'Wagner', NULL, NULL, NULL, NULL, '2015-04-13', 1, '2015-03-20 15:10:43'),
(249, 1, 7, NULL, NULL, '2015-04-13 11:00:00', '2015-04-13 12:00:00', 'bourquin senior', NULL, NULL, NULL, NULL, '2015-04-13', 1, '2015-03-20 15:11:15'),
(250, 1, 7, NULL, NULL, '2015-04-13 12:00:00', '2015-04-13 13:00:00', 'Neuland', NULL, 'ohne abmeldung nicht erschienen', NULL, NULL, '2015-04-13', 1, '2015-03-20 15:11:49'),
(251, 1, 7, NULL, NULL, '2015-04-10 16:30:00', '2015-04-10 17:00:00', 'FRISEUR Tim', NULL, NULL, NULL, NULL, '2015-04-10', 0, '2015-03-20 15:12:58'),
(252, 1, 7, NULL, NULL, '2015-04-08 09:00:00', '2015-04-08 10:30:00', 'FRISEUR', NULL, '', NULL, NULL, '2015-04-08', 0, '2015-03-20 15:14:22'),
(253, 1, 7, NULL, NULL, '2015-04-07 17:00:00', '2015-04-07 18:00:00', 'Simone', NULL, '', NULL, NULL, '2015-04-07', 0, '2015-03-20 15:17:45'),
(254, 1, 7, NULL, NULL, '2015-04-06 10:30:00', '2015-04-06 11:00:00', 'Ru...', NULL, '', NULL, NULL, '2015-04-06', 0, '2015-03-20 15:18:51'),
(260, 4, 8, NULL, NULL, '2015-03-21 17:30:00', '2015-03-21 18:00:00', 'doris anfahrt', NULL, '', NULL, NULL, '2015-03-21', 0, '2015-03-20 15:25:10'),
(261, 4, 2, 3, NULL, '2015-03-24 17:00:00', '2015-03-24 17:30:00', 'Wagner Heike', 'ma', '', NULL, NULL, '2015-03-24', 0, '2015-03-20 15:47:29'),
(262, 4, 8, NULL, NULL, '2015-03-21 18:00:00', '2015-03-21 18:30:00', 'doris anfahrt', NULL, '', NULL, NULL, '2015-03-21', 0, '2015-03-20 16:47:47'),
(263, 3, 1, NULL, NULL, '2015-03-30 12:30:00', '2015-03-30 13:00:00', 'Pause', NULL, '', NULL, NULL, '2015-03-30', 0, '2015-03-21 07:37:50'),
(264, 2, 3, 1, NULL, '2015-03-30 11:00:00', '2015-03-30 12:00:00', 'Homuth', 'Osterei Rück.', NULL, NULL, '40', '2015-03-30', 0, '2015-03-21 08:01:44'),
(265, 3, 2, 4, NULL, '2015-03-30 11:00:00', '2015-03-30 12:30:00', 'Fr. Reinwarth', 'GK Peeling & Algenpackung', NULL, NULL, NULL, '2015-03-30', 0, '2015-03-21 08:03:42'),
(266, 3, 1, 4, NULL, '2015-03-30 11:00:00', '2015-03-30 12:30:00', 'Fr. Reinwarth', 'GK Peeling & Algenpackung', '', NULL, NULL, '2015-03-30', 0, '2015-03-21 08:04:59'),
(267, 3, 1, 4, NULL, '2015-03-31 10:30:00', '2015-03-31 11:30:00', 'Reinwarth', 'GK Zitronenölmassage', '', NULL, NULL, '2015-03-31', 0, '2015-03-21 08:06:51'),
(268, 2, 3, 4, NULL, '2015-03-31 10:30:00', '2015-03-31 11:30:00', 'Reinwarth', 'GK Zitronenölmassage', '', NULL, NULL, '2015-03-31', 0, '2015-03-21 08:07:42'),
(269, 3, 1, 4, NULL, '2015-04-01 09:30:00', '2015-04-01 10:30:00', 'Reinwarth', 'GP & GL', NULL, NULL, NULL, '2015-04-01', 0, '2015-03-21 08:10:29'),
(270, 3, 2, 4, NULL, '2015-04-01 09:30:00', '2015-04-01 10:30:00', 'Reinwarth', 'GP & GL', NULL, NULL, NULL, '2015-04-01', 0, '2015-03-21 08:11:53'),
(271, 3, 1, 4, NULL, '2015-04-02 09:30:00', '2015-04-02 10:30:00', 'Reinwarth', 'Body- Wrapp', NULL, NULL, NULL, '2015-04-02', 0, '2015-03-21 08:13:35'),
(272, 3, 2, 4, NULL, '2015-04-02 09:30:00', '2015-04-02 10:30:00', 'Reinwarth', 'Body Wrapp', '', NULL, NULL, '2015-04-02', 0, '2015-03-21 08:14:09'),
(273, 4, 8, 4, NULL, '2015-04-01 19:00:00', '2015-04-01 20:00:00', 'Aicher', 'Entsp. Rücken', 'schwangere Frau möchte die Fußmassage oder FRZ', NULL, NULL, '2015-04-01', 0, '2015-03-21 08:16:48'),
(274, 4, 9, 4, NULL, '2015-04-01 19:00:00', '2015-04-01 20:00:00', 'Aicher', 'Entsp. Rücken', '', NULL, NULL, '2015-04-01', 0, '2015-03-21 08:17:27'),
(275, 4, 8, NULL, NULL, '2015-04-01 18:30:00', '2015-04-01 19:00:00', 'Anf. Doris', NULL, '', NULL, NULL, '2015-04-01', 0, '2015-03-21 08:17:50'),
(276, 4, 8, 6, NULL, '2015-04-04 15:00:00', '2015-04-04 16:00:00', 'Fr. Bergas', 'Hot Stone GK', NULL, NULL, '58', '2015-04-04', 0, '2015-03-21 08:20:47'),
(277, 4, 8, 6, NULL, '2015-04-04 16:00:00', '2015-04-04 17:00:00', 'Bergas', 'Gesichts- Hand- Fußmassage', NULL, NULL, '52', '2015-04-04', 0, '2015-03-21 08:21:59'),
(278, 3, 8, 6, NULL, '2015-04-06 14:00:00', '2015-04-06 15:00:00', 'Fr. Bergas', 'Hot Stone GK', NULL, NULL, '58', '2015-04-06', 0, '2015-03-21 08:23:15'),
(279, 3, 8, 6, NULL, '2015-04-06 15:00:00', '2015-04-06 16:00:00', 'Fr. Bergas', 'Gesichts- Hand- Fußmassage', NULL, NULL, '52', '2015-04-06', 0, '2015-03-21 08:24:33'),
(280, 3, 8, NULL, NULL, '2015-04-06 13:30:00', '2015-04-06 14:00:00', 'Jana Anfahrt', NULL, '', NULL, NULL, '2015-04-06', 0, '2015-03-21 08:25:00'),
(281, 3, 1, 4, NULL, '2015-04-03 09:30:00', '2015-04-03 10:00:00', 'Gehlhaar', 'SNK', '', NULL, NULL, '2015-04-03', 0, '2015-03-21 08:26:38'),
(282, 3, 1, 4, NULL, '2015-04-03 10:00:00', '2015-04-03 10:30:00', 'Gehlhaar', 'SNK', '', NULL, NULL, '2015-04-03', 0, '2015-03-21 08:27:17'),
(283, 3, 1, 6, NULL, '2015-04-04 14:30:00', '2015-04-04 16:00:00', 'Meyer', 'GK Sanddornölmass.  +  FRZ  vo', 'Frz  zusätzlich   26.00', NULL, NULL, '2015-04-04', 0, '2015-03-21 08:28:47'),
(284, 2, 3, 6, NULL, '2015-04-04 14:30:00', '2015-04-04 16:00:00', 'Meyer', 'GK Sanddornölmass.  +  FRZ', 'FRZ ist zusätzlich  26.00', NULL, NULL, '2015-04-04', 0, '2015-03-21 08:29:27'),
(285, 4, 8, 4, NULL, '2015-04-04 17:00:00', '2015-04-04 17:30:00', 'Albrecht', 'GP. o. RP', '', NULL, NULL, '2015-04-04', 0, '2015-03-21 08:30:23'),
(286, 4, 9, 4, NULL, '2015-04-04 17:00:00', '2015-04-04 17:30:00', 'Albrecht', 'GP o. RP', '', NULL, NULL, '2015-04-04', 0, '2015-03-21 08:31:05'),
(287, 3, 1, 4, NULL, '2015-04-04 09:30:00', '2015-04-04 10:30:00', 'Fr. Nowak', 'GK Sanddornölmassage', '', NULL, NULL, '2015-04-04', 0, '2015-03-21 08:32:23'),
(288, 2, 3, 4, NULL, '2015-04-07 15:00:00', '2015-04-07 16:00:00', 'Fr. Hentschel', 'Entsp. Rücken', NULL, NULL, NULL, '2015-04-07', 0, '2015-03-21 08:34:17'),
(289, 2, 4, NULL, NULL, '2015-03-21 11:30:00', '2015-03-21 12:30:00', 'Köster', 'GK', '', NULL, '55', '2015-03-21', 0, '2015-03-21 10:12:44'),
(290, 1, 7, NULL, NULL, '2015-03-23 09:00:00', '2015-03-23 10:00:00', 'Wellnessrundgang', 'Fr. Fassmann', '', NULL, NULL, '2015-03-23', 0, '2015-03-21 13:56:56'),
(291, 2, 4, 1, NULL, '2015-03-23 12:00:00', '2015-03-23 13:00:00', 'Rülke', 'Hot-Stone-Kombi', '', NULL, '58,00', '2015-03-23', 0, '2015-03-22 08:39:35'),
(292, 2, 4, 1, NULL, '2015-03-23 13:00:00', '2015-03-23 14:00:00', 'Rülke', 'Rügen spezial', '', NULL, '65,00', '2015-03-23', 0, '2015-03-22 08:41:10'),
(293, 2, 5, 1, NULL, '2015-03-23 14:00:00', '2015-03-23 15:00:00', 'Rülke', 'Ro-Bad', '', NULL, '55,00', '2015-03-23', 0, '2015-03-22 08:42:15'),
(294, 1, 7, 3, NULL, '2015-03-23 16:00:00', '2015-03-23 17:00:00', 'Fr. Birkholz', 'Ostheo', '', NULL, NULL, '2015-03-23', 0, '2015-03-23 08:11:46'),
(295, 2, 3, 1, NULL, '2015-03-25 12:30:00', '2015-03-25 14:30:00', 'Fr. Birkholz', 'Entschl. Pur', '', NULL, '99,90', '2015-03-25', 0, '2015-03-23 08:13:37'),
(296, 2, 4, 1, NULL, '2015-03-25 12:30:00', '2015-03-25 14:30:00', 'Fr. Markert', 'Entschl. pur', '', NULL, '99,90', '2015-03-25', 0, '2015-03-23 08:15:28'),
(297, 2, 4, 1, NULL, '2015-03-23 16:00:00', '2015-03-23 17:00:00', 'Fr. Markert', 'Hot Stone Ents.', '', NULL, '57,60', '2015-03-23', 0, '2015-03-23 08:17:01'),
(298, 4, 6, NULL, NULL, '2015-03-27 16:30:00', '2015-03-27 17:30:00', 'Fr. Kümmel', 'Meeresbrise Face', '', NULL, '59', '2015-03-27', 0, '2015-03-23 08:18:49'),
(299, 1, 7, NULL, NULL, '2015-03-24 15:30:00', '2015-03-24 16:00:00', 'Fr. Davenpoort', 'HWS', '', NULL, NULL, '2015-03-24', 0, '2015-03-23 08:20:15'),
(300, 2, 4, 1, NULL, '2015-03-26 14:00:00', '2015-03-26 15:00:00', 'Fr. Davenpoot', 'Hot Stone Ents.', '', NULL, '64', '2015-03-26', 0, '2015-03-23 08:22:13'),
(301, 2, 4, 1, NULL, '2015-03-23 17:00:00', '2015-03-23 18:00:00', 'Fr. Wykrota', 'GK Kreidepackg', '', NULL, '48', '2015-03-23', 0, '2015-03-23 08:23:28'),
(302, 2, 4, 1, NULL, '2015-03-25 14:30:00', '2015-03-25 16:30:00', 'Fr. Wykrota', 'Große Entschlackung', '', NULL, '99', '2015-03-25', 0, '2015-03-23 08:24:48'),
(303, 2, 3, 1, NULL, '2015-03-27 16:30:00', '2015-03-27 17:30:00', 'Fr. Wykota', 'Rücken Relax', '', NULL, '49', '2015-03-27', 0, '2015-03-23 08:26:17'),
(304, 1, 7, NULL, NULL, '2015-03-26 16:00:00', '2015-03-26 16:30:00', 'Fr. Bremer', 'HWS', '', NULL, NULL, '2015-03-26', 0, '2015-03-23 08:27:15'),
(305, 4, 2, NULL, NULL, '2015-03-27 16:00:00', '2015-03-27 16:30:00', 'Fr. Bremer', 'Rü. ind.', '', NULL, '30', '2015-03-27', 0, '2015-03-23 08:28:15'),
(306, 2, 3, 1, NULL, '2015-03-23 17:00:00', '2015-03-23 18:30:00', 'Fromann', 'Kleine Entschlackung', '', NULL, '79', '2015-03-23', 0, '2015-03-23 08:29:52'),
(307, 2, 4, 1, NULL, '2015-03-24 16:30:00', '2015-03-24 17:00:00', 'Fr. Fromann', 'Rü. ind.', '', NULL, '30', '2015-03-24', 0, '2015-03-23 08:31:36'),
(308, 1, 7, 3, NULL, '2015-03-25 17:00:00', '2015-03-25 18:00:00', 'Fr. Ising', 'Osteopathie', '', NULL, NULL, '2015-03-25', 0, '2015-03-23 08:35:09'),
(309, 1, 7, NULL, NULL, '2015-03-26 16:30:00', '2015-03-26 17:30:00', 'Fr. Ising', 'Lymphdrainage', '', NULL, NULL, '2015-03-26', 0, '2015-03-23 08:37:31'),
(310, 1, 7, 3, NULL, '2015-03-23 17:30:00', '2015-03-23 18:00:00', 'Fr. Ising', 'HWS spezial', '', NULL, NULL, '2015-03-23', 0, '2015-03-23 08:38:47'),
(311, 2, 3, 1, NULL, '2015-03-23 15:00:00', '2015-03-23 16:00:00', 'Hr. Schubitzer', 'Gk Kreidepackung', '', NULL, '48,-', '2015-03-23', 0, '2015-03-23 08:48:33'),
(313, 1, 7, NULL, NULL, '2015-03-27 14:00:00', '2015-03-27 15:00:00', 'Hr. Weckmüller', 'Osteo', '', NULL, NULL, '2015-03-27', 0, '2015-03-23 10:00:37'),
(314, 2, 4, 1, NULL, '2015-03-26 13:30:00', '2015-03-26 15:00:00', 'Mai', 'kl.Entschlack.Progr.', '', NULL, '79,00', '2015-03-26', 0, '2015-03-23 10:53:04'),
(315, 3, 8, 4, NULL, '2015-03-26 11:00:00', '2015-03-26 12:00:00', 'Plischke', 'Entsp. Rücken', '', NULL, NULL, '2015-03-26', 0, '2015-03-23 12:21:28'),
(316, 3, 8, 4, NULL, '2015-03-26 12:00:00', '2015-03-26 13:00:00', 'Plischke', 'Entsp. Rücken', '', NULL, NULL, '2015-03-26', 0, '2015-03-23 12:22:04'),
(317, 3, 8, 4, NULL, '2015-04-09 09:30:00', '2015-04-09 10:00:00', 'Sandke', 'GP o. RP', '', NULL, NULL, '2015-04-09', 0, '2015-03-23 12:45:04'),
(318, 3, 9, NULL, NULL, '2015-04-09 09:30:00', '2015-04-09 10:00:00', 'Sandke', 'GP o. RP', '', NULL, NULL, '2015-04-09', 0, '2015-03-23 12:45:57'),
(319, 2, 4, 4, NULL, '2015-04-10 15:00:00', '2015-04-10 16:00:00', 'Hantschmann', 'Sanddornbad U. GM o. FM', '', NULL, NULL, '2015-04-10', 0, '2015-03-23 12:48:08'),
(320, 4, 1, 4, NULL, '2015-04-10 15:00:00', '2015-04-10 16:00:00', 'Hantschmann', 'GP o. RP. u. Mass.', '', NULL, NULL, '2015-04-10', 0, '2015-03-23 12:50:36'),
(321, 4, 2, 4, NULL, '2015-04-10 15:00:00', '2015-04-10 16:00:00', 'Hantschmann', 'GP o. RP u. Mass.', '', NULL, NULL, '2015-04-10', 0, '2015-03-23 12:51:26'),
(322, 2, 3, 4, NULL, '2015-04-11 11:00:00', '2015-04-11 12:00:00', 'Hantschmann', 'GP o. RP u. Mass.', NULL, NULL, NULL, '2015-04-11', 0, '2015-03-23 12:53:35'),
(323, 2, 4, 4, NULL, '2015-04-11 11:00:00', '2015-04-11 12:00:00', 'Hantschmann', 'Sanddornbad & GM o. FM', NULL, NULL, NULL, '2015-04-11', 0, '2015-03-23 12:54:28'),
(324, 2, 4, 4, NULL, '2015-04-11 10:00:00', '2015-04-11 11:00:00', 'Hantschmann', 'Sanddornbad & GM o. FM', NULL, NULL, NULL, '2015-04-11', 0, '2015-03-23 12:55:17'),
(325, 3, 8, 6, NULL, '2015-04-14 11:30:00', '2015-04-14 13:00:00', 'Urban/ Scheffsky', 'gr. Kosmetik', NULL, NULL, '77', '2015-04-14', 0, '2015-03-23 12:57:07'),
(326, 3, 8, 6, NULL, '2015-04-13 14:00:00', '2015-04-13 16:00:00', 'Urban/ Scheffsky', 'samtweiche HautPeelingmassage & Cremepackung', NULL, NULL, '99', '2015-04-13', 0, '2015-03-23 12:59:20'),
(327, 3, 9, 6, NULL, '2015-04-13 14:00:00', '2015-04-13 15:00:00', 'Urban/ Scheffsky', 'Hot Stone Ents.', NULL, NULL, '64', '2015-04-13', 0, '2015-03-23 13:00:21'),
(328, 3, 8, 6, NULL, '2015-04-13 11:30:00', '2015-04-13 12:00:00', 'Urban/ Scheffsky', 'Relax RM Kind', 'wollen Termine erst ab 11.00 Uhr. Die Mutti hat Geburtstag', NULL, '26', '2015-04-13', 0, '2015-03-23 13:01:02'),
(329, 3, 8, NULL, NULL, '2015-04-13 12:00:00', '2015-04-13 12:30:00', 'Pause', NULL, '', NULL, NULL, '2015-04-13', 0, '2015-03-23 13:01:27'),
(330, 3, 8, 6, NULL, '2015-04-13 12:30:00', '2015-04-13 14:00:00', 'Urban/ Scheffsky', 'Massagetraum', NULL, NULL, '85', '2015-04-13', 0, '2015-03-23 13:02:06'),
(331, 4, 8, 6, NULL, '2015-04-18 09:30:00', '2015-04-18 11:00:00', 'Christiane', 'Hot Stone Kombi und Fußreflex', NULL, NULL, NULL, '2015-04-18', 0, '2015-03-23 13:08:40'),
(332, 3, 9, 6, NULL, '2015-04-18 11:00:00', '2015-04-18 12:00:00', 'Christiane', 'str. Augen', NULL, NULL, '57, 58, 26 = 141', '2015-04-18', 0, '2015-03-23 13:09:59'),
(333, 3, 9, 6, NULL, '2015-04-18 09:30:00', '2015-04-18 11:00:00', 'Ines', 'gr. Kosmetik', NULL, NULL, NULL, '2015-04-18', 0, '2015-03-23 13:11:05'),
(334, 4, 8, 6, NULL, '2015-04-18 11:00:00', '2015-04-18 12:00:00', 'Ines', 'Hot Stone Kombi', NULL, NULL, '77+58=135', '2015-04-18', 0, '2015-03-23 13:12:09'),
(335, 3, 9, NULL, NULL, '2015-04-18 12:00:00', '2015-04-18 13:00:00', 'Pause', NULL, NULL, NULL, NULL, '2015-04-18', 0, '2015-03-23 13:14:16'),
(336, 4, 8, 6, NULL, '2015-04-18 12:00:00', '2015-04-18 13:00:00', 'Andrea', 'GK Kreidepackg.', NULL, NULL, NULL, '2015-04-18', 0, '2015-03-23 13:15:37'),
(337, 3, 9, 6, NULL, '2015-04-18 13:00:00', '2015-04-18 14:00:00', 'Andrea', 'kl. Kosmetik', NULL, NULL, '48 + 52= 100', '2015-04-18', 0, '2015-03-23 13:16:34'),
(338, 4, 8, 6, NULL, '2015-04-18 13:30:00', '2015-04-18 14:00:00', 'Sonja', 'Fußreflex', NULL, NULL, NULL, '2015-04-18', 0, '2015-03-23 13:17:25'),
(339, 3, 9, 6, NULL, '2015-04-18 14:00:00', '2015-04-18 15:00:00', 'Sonja', 'str. Augen', NULL, NULL, '57+26=83', '2015-04-18', 0, '2015-03-23 13:18:53'),
(342, 4, 8, NULL, NULL, '2015-04-18 13:00:00', '2015-04-18 13:30:00', 'Pause', NULL, '', NULL, NULL, '2015-04-18', 0, '2015-03-23 13:23:57'),
(343, 2, 4, 1, NULL, '2015-03-23 15:00:00', '2015-03-23 15:30:00', 'HR: kOLBAS', 'Massage', '', NULL, NULL, '2015-03-23', 0, '2015-03-23 13:35:28'),
(344, 1, 7, NULL, NULL, '2015-04-07 16:00:00', '2015-04-07 17:00:00', 'Werth', NULL, '', NULL, NULL, '2015-04-07', 0, '2015-03-23 15:00:53'),
(346, 4, 2, 3, NULL, '2015-03-24 15:30:00', '2015-03-24 16:30:00', 'Fr. Birkholz', 'Rück int.', '', NULL, '53', '2015-03-24', 0, '2015-03-23 15:57:55'),
(347, 1, 7, 1, NULL, '2015-03-28 11:00:00', '2015-03-28 12:00:00', 'Fr. Birkholz', 'Osteo', '', NULL, NULL, '2015-03-28', 0, '2015-03-23 15:59:31'),
(348, 3, 6, 1, NULL, '2015-03-26 15:00:00', '2015-03-26 16:00:00', 'Fr. Markert', 'kl. Kosmetik', '', NULL, '52', '2015-03-26', 0, '2015-03-23 16:01:18'),
(349, 1, 7, NULL, NULL, '2015-03-26 17:30:00', '2015-03-26 18:00:00', 'Fr. Birkholz', 'HWS', '', NULL, NULL, '2015-03-26', 0, '2015-03-23 16:03:21'),
(350, 2, 4, 3, NULL, '2015-03-27 16:00:00', '2015-03-27 17:00:00', 'Fr. Birkholz', 'Rück. intensiv', '', NULL, NULL, '2015-03-27', 0, '2015-03-23 16:05:14'),
(351, 4, 2, 1, NULL, '2015-03-25 15:00:00', '2015-03-25 16:00:00', 'Schaubitzer', 'GK - Pa', '', NULL, '48,00', '2015-03-25', 0, '2015-03-23 16:55:31'),
(352, 2, 4, 4, NULL, '2015-03-24 17:00:00', '2015-03-24 18:00:00', 'Hahn', 'RM + Pack - SKR', '', NULL, NULL, '2015-03-24', 0, '2015-03-23 18:51:01'),
(353, 2, 3, 4, NULL, '2015-03-26 17:00:00', '2015-03-26 17:30:00', 'Hahn', 'GP + HP', '', NULL, NULL, '2015-03-26', 0, '2015-03-23 18:52:56'),
(354, 2, 3, 1, NULL, '2015-03-24 14:00:00', '2015-03-24 15:00:00', 'Kuhn', 'Osterei', '', NULL, '40', '2015-03-24', 0, '2015-03-24 12:50:36'),
(355, 2, 4, 1, NULL, '2015-03-24 14:00:00', '2015-03-24 15:00:00', 'Kuhn', 'Osterei', '', NULL, '40', '2015-03-24', 0, '2015-03-24 12:52:51'),
(357, 3, 1, 4, NULL, '2015-04-08 09:30:00', '2015-04-08 10:30:00', 'Dorendorf', 'GP o. RP u. Ma', '', NULL, NULL, '2015-04-08', 0, '2015-03-24 13:31:18'),
(358, 2, 4, 4, NULL, '2015-04-09 12:30:00', '2015-04-09 13:30:00', 'Dorendorf', 'Hot Stone RM & Sanddornbad', 'hat GM gegen Hot Stone RM getauscht und zahlt 3,00 € zu in bar', NULL, NULL, '2015-04-09', 0, '2015-03-24 13:32:27'),
(359, 2, 4, 1, NULL, '2015-03-24 15:30:00', '2015-03-24 16:30:00', 'Fr. Rolle', 'Osterei', '', NULL, '40', '2015-03-24', 0, '2015-03-24 13:58:26'),
(360, 4, 6, 1, NULL, '2015-03-25 16:00:00', '2015-03-25 17:30:00', 'Fr. Rolle', 'große Kosmetik', '', NULL, '77', '2015-03-25', 0, '2015-03-24 14:00:44'),
(362, 2, 3, 1, NULL, '2015-03-26 17:30:00', '2015-03-26 18:00:00', 'Fr. Rolle', 'Fußmassage', '', NULL, '26', '2015-03-26', 0, '2015-03-24 14:02:27'),
(363, 2, 4, 1, NULL, '2015-03-25 16:30:00', '2015-03-25 17:00:00', 'Walter', 'Rücken indivi.', '', NULL, '30,00', '2015-03-25', 0, '2015-03-24 14:52:18'),
(364, 4, 1, 4, NULL, '2015-03-24 17:30:00', '2015-03-24 18:00:00', 'Reichardt', 'Gp o. RP', '', NULL, NULL, '2015-03-24', 0, '2015-03-24 15:04:20'),
(365, 4, 2, 4, NULL, '2015-03-24 17:30:00', '2015-03-24 18:00:00', 'Reichardt', 'GP o. RP', '', NULL, NULL, '2015-03-24', 0, '2015-03-24 15:04:53'),
(366, 3, 1, 1, NULL, '2015-03-31 11:30:00', '2015-03-31 12:30:00', 'Bartz', 'Rel. RM & Anti Stressma.', 'gehören alle drei zusammen', '01727098248', '55', '2015-03-31', 0, '2015-03-24 15:22:00'),
(367, 2, 3, 1, NULL, '2015-03-31 11:30:00', '2015-03-31 12:30:00', 'Bartz', 'Rück. intensiv', '', NULL, '53', '2015-03-31', 0, '2015-03-24 15:22:51'),
(368, 2, 4, 1, NULL, '2015-03-31 11:30:00', '2015-03-31 12:00:00', 'Bartz', 'Anti Stressmass.', '', NULL, '29', '2015-03-31', 0, '2015-03-24 15:23:43'),
(369, 3, 1, NULL, NULL, '2015-03-31 12:30:00', '2015-03-31 13:00:00', 'Pause', NULL, '', NULL, NULL, '2015-03-31', 0, '2015-03-24 15:24:17'),
(370, 2, 3, NULL, NULL, '2015-03-31 12:30:00', '2015-03-31 13:00:00', 'Pause', NULL, '', NULL, NULL, '2015-03-31', 0, '2015-03-24 15:24:52'),
(371, 4, 2, 3, NULL, '2015-03-28 15:00:00', '2015-03-28 15:30:00', 'Heike Wagner', 'Ma', '', NULL, NULL, '2015-03-28', 0, '2015-03-24 16:36:03'),
(372, 1, 7, 3, NULL, '2015-04-10 13:30:00', '2015-04-10 14:30:00', 'Fr. Trams', NULL, '', NULL, NULL, '2015-04-10', 0, '2015-03-24 16:57:26'),
(373, 1, 7, NULL, NULL, '2015-03-28 09:30:00', '2015-03-28 10:00:00', 'erhardt', NULL, NULL, NULL, NULL, '2015-03-28', 0, '2015-03-24 16:58:36'),
(374, 2, 4, 1, NULL, '2015-03-25 11:00:00', '2015-03-25 12:00:00', 'Ising', 'Osterei', '', NULL, '40,00', '2015-03-25', 0, '2015-03-25 08:27:30'),
(375, 2, 4, 1, NULL, '2015-03-25 17:00:00', '2015-03-25 17:30:00', 'Hillman', 'Rücken indiv.', '', NULL, '30,00', '2015-03-25', 0, '2015-03-25 09:09:50'),
(376, 3, 8, NULL, NULL, '2015-03-26 13:00:00', '2015-03-26 13:30:00', 'Jana Fahrzeit', NULL, '', NULL, NULL, '2015-03-26', 0, '2015-03-25 15:55:26'),
(377, 4, 6, 1, NULL, '2015-04-29 18:00:00', '2015-04-29 20:00:00', 'Sybille', 'Kosmetik, Abz. & färben, Bartentf., Ab schwarz färben und lange drauf lassen. Sybille möchte es immer extra dunkel.', 'anstastt Gm bitte Rm Stuhl - war beim Zahnarzt       wird am 27.5. bezahlt', NULL, '60', '2015-04-29', 0, '2015-03-25 18:14:36'),
(378, 1, 6, 1, NULL, '2015-05-27 18:00:00', '2015-05-27 19:30:00', 'Sybille', 'Kosmetik', 'Beh. vom 29.04.   Ma + Bartenth. + Brauen zu u. fä  muss noch bezahlt werden + Massage', NULL, NULL, '2015-05-27', 0, '2015-03-25 18:15:48'),
(379, 2, 4, 1, NULL, '2015-03-26 15:30:00', '2015-03-26 16:00:00', 'Fr Simon', 'Antistress Ma', '', NULL, '29.00', '2015-03-26', 1, '2015-03-25 18:29:04'),
(380, 3, 1, 1, NULL, '2015-03-26 14:00:00', '2015-03-26 15:00:00', 'Davenpoort', 'Hot Stone Ents.', '', NULL, '64', '2015-03-26', 0, '2015-03-26 08:43:30'),
(381, 2, 3, 1, NULL, '2015-03-26 16:00:00', '2015-03-26 17:00:00', 'Gölzig-Weiss Zi. 214', 'GK Zitronenölmassage', '', NULL, '53,10', '2015-03-26', 0, '2015-03-26 08:46:59'),
(382, 2, 3, 1, NULL, '2015-03-26 14:00:00', '2015-03-26 15:00:00', 'Dunkelmann', 'Oster spezial Rücken', '', NULL, '40', '2015-03-26', 0, '2015-03-26 12:02:48'),
(383, 2, 3, 1, NULL, '2015-03-26 15:00:00', '2015-03-26 16:00:00', 'Hadeling', 'Oster spezial Rücken', '', NULL, '40', '2015-03-26', 0, '2015-03-26 12:06:47'),
(384, 2, 4, NULL, NULL, '2015-03-26 16:30:00', '2015-03-26 17:00:00', 'Pause', NULL, '', NULL, NULL, '2015-03-26', 0, '2015-03-26 12:07:30'),
(386, 2, 5, NULL, NULL, '2015-04-30 19:30:00', '2015-04-30 20:00:00', 'Müller', 'Ro.Bad + 2 RM', NULL, '0176 31234005', '99,00', '2015-04-30', 0, '2015-03-26 16:22:42'),
(388, 2, 2, 7, NULL, '2015-04-30 18:30:00', '2015-04-30 19:00:00', 'Müller', 'RoBad + RM', NULL, NULL, NULL, '2015-04-30', 0, '2015-03-26 16:23:54'),
(389, 1, 7, NULL, NULL, '2015-03-27 09:30:00', '2015-03-27 10:30:00', 'Sylke', 'Flinke Füsse', '', NULL, NULL, '2015-03-27', 0, '2015-03-26 17:09:14'),
(390, 3, 6, NULL, NULL, '2015-03-27 09:30:00', '2015-03-27 10:30:00', 'Sylke', 'Flinke Füsse', '', NULL, NULL, '2015-03-27', 0, '2015-03-26 17:10:34'),
(391, 1, 7, NULL, NULL, '2015-04-14 12:00:00', '2015-04-14 13:00:00', 'Bourquin', NULL, '', NULL, NULL, '2015-04-14', 0, '2015-03-27 08:28:44'),
(392, 1, 7, NULL, NULL, '2015-04-14 13:00:00', '2015-04-14 14:00:00', 'Büro', NULL, '', NULL, NULL, '2015-04-14', 0, '2015-03-27 08:29:11'),
(393, 3, 1, 1, NULL, '2015-03-27 14:00:00', '2015-03-27 15:00:00', 'Fam. Radke', 'RM', '', NULL, '26', '2015-03-27', 0, '2015-03-27 08:59:55'),
(394, 2, 4, 1, NULL, '2015-03-27 14:00:00', '2015-03-27 15:00:00', 'Radke', 'GK Massage', '', NULL, '55', '2015-03-27', 0, '2015-03-27 09:00:44'),
(398, 4, 2, 1, NULL, '2015-03-27 15:30:00', '2015-03-27 16:00:00', 'Herr Zündel', 'RM evt. indi.', '', NULL, '26', '2015-03-27', 0, '2015-03-27 13:44:15'),
(399, 1, 7, NULL, NULL, '2015-03-31 14:00:00', '2015-03-31 15:00:00', 'Weckmüller', NULL, '', NULL, NULL, '2015-03-31', 0, '2015-03-27 13:53:31'),
(400, 4, 2, NULL, NULL, '2015-03-27 16:30:00', '2015-03-27 17:30:00', 'xx', 'Kosmetik', '', NULL, NULL, '2015-03-27', 0, '2015-03-27 14:10:20');
INSERT INTO `event` (`id`, `employee_id`, `location_id`, `paymentmethod_id`, `user_id`, `date_start`, `date_end`, `customer`, `info`, `extrainfo`, `telephone`, `price`, `day`, `canceled`, `create_date`) VALUES
(401, 2, 3, 1, NULL, '2015-03-28 11:30:00', '2015-03-28 12:00:00', 'Erlautzki', 'antistrss', '', NULL, '29,-', '2015-03-28', 0, '2015-03-27 17:21:12'),
(402, 2, 4, 1, NULL, '2015-03-28 11:30:00', '2015-03-28 12:00:00', 'Erlautzki', 'antistress', '', NULL, '29,00', '2015-03-28', 0, '2015-03-27 17:21:56'),
(403, 4, 2, 1, NULL, '2015-03-27 18:00:00', '2015-03-27 19:00:00', 'Müller', 'Osterei', '', NULL, '40,00', '2015-03-27', 0, '2015-03-27 17:46:25'),
(404, 2, 3, 1, NULL, '2015-03-27 18:00:00', '2015-03-27 18:30:00', 'von Franka', 'RM', '', NULL, '26,0', '2015-03-27', 0, '2015-03-27 17:46:57'),
(405, 4, 2, 1, NULL, '2015-03-28 18:00:00', '2015-03-28 18:30:00', 'Müller', 'Fußma', '', NULL, '26', '2015-03-28', 0, '2015-03-27 18:28:38'),
(406, 4, 2, 1, NULL, '2015-03-28 18:30:00', '2015-03-28 19:00:00', 'Müller', 'Antistress', '', NULL, '29.00', '2015-03-28', 0, '2015-03-27 18:29:20'),
(407, 1, 7, NULL, NULL, '2015-04-04 12:00:00', '2015-04-04 15:00:00', 'Franka', NULL, NULL, NULL, NULL, '2015-04-04', 0, '2015-03-28 07:39:34'),
(408, 1, 7, NULL, NULL, '2015-04-11 12:00:00', '2015-04-11 15:00:00', 'Franka', NULL, NULL, NULL, NULL, '2015-04-11', 0, '2015-03-28 07:40:04'),
(409, 3, 9, 4, NULL, '2015-04-08 15:30:00', '2015-04-08 16:00:00', 'Leukefeld', 'GP o. RP', NULL, NULL, NULL, '2015-04-08', 1, '2015-03-28 07:43:31'),
(410, 3, 8, 4, NULL, '2015-04-08 15:30:00', '2015-04-08 16:00:00', 'Leukefeld', 'GP o. RP', NULL, NULL, NULL, '2015-04-08', 1, '2015-03-28 07:44:04'),
(411, 4, 6, 1, NULL, '2015-03-28 16:00:00', '2015-03-28 17:00:00', 'Götze', 'kl. Kosmetik', '', NULL, '52,00', '2015-03-28', 0, '2015-03-28 10:02:35'),
(412, 2, 3, 1, NULL, '2015-03-28 17:00:00', '2015-03-28 17:30:00', 'Götze', 'FRZ', '', NULL, '26,00', '2015-03-28', 0, '2015-03-28 10:05:12'),
(413, 4, 2, NULL, NULL, '2015-03-28 16:00:00', '2015-03-28 17:00:00', 'Kosmetik', NULL, '', NULL, NULL, '2015-03-28', 0, '2015-03-28 10:55:46'),
(414, 4, 2, 3, NULL, '2015-04-07 16:00:00', '2015-04-07 16:30:00', 'Heike Wagner', 'Ma', NULL, NULL, 'G', '2015-04-07', 0, '2015-03-28 14:34:56'),
(417, 1, 4, NULL, NULL, '2015-03-29 08:30:00', '2015-03-29 11:00:00', 'test', NULL, NULL, '1234567890', NULL, '2015-03-29', 0, '2015-03-29 19:02:26'),
(418, 2, 3, 1, NULL, '2015-03-30 15:00:00', '2015-03-30 16:00:00', 'Fr. Hermann', 'Rü. intensiv', NULL, NULL, '53', '2015-03-30', 0, '2015-03-30 07:08:39'),
(419, 2, 4, 1, NULL, '2015-03-30 11:00:00', '2015-03-30 12:00:00', 'Fr. Mibach', 'Osterei spez. Rü.', NULL, NULL, '40', '2015-03-30', 0, '2015-03-30 07:30:38'),
(420, 4, 2, 1, NULL, '2015-03-31 17:00:00', '2015-03-31 18:00:00', 'Hohmuth', 'Hot Stone Kombi', NULL, '0177 2911305', '58', '2015-03-31', 0, '2015-03-30 07:36:39'),
(421, 2, 3, 1, NULL, '2015-03-31 16:30:00', '2015-03-31 18:30:00', 'Mibach', 'Samtweiche Haut', 'zu Fr. Hohmuth', NULL, '99', '2015-03-31', 0, '2015-03-30 07:37:46'),
(422, 3, 1, 4, NULL, '2015-03-31 09:30:00', '2015-03-31 10:30:00', 'Melzer', 'Entsp. Rücken.', 'aus glowe', NULL, NULL, '2015-03-31', 0, '2015-03-30 07:53:16'),
(423, 3, 2, 4, NULL, '2015-03-31 09:30:00', '2015-03-31 10:30:00', 'Melzer', 'Entsp. Rücken.', NULL, NULL, NULL, '2015-03-31', 0, '2015-03-30 07:54:02'),
(424, 3, 8, 1, NULL, '2015-03-30 15:00:00', '2015-03-30 16:00:00', 'Frau Lippert', 'kl. Kosmetik', NULL, NULL, '52', '2015-03-30', 0, '2015-03-30 08:01:30'),
(425, 2, 3, 6, NULL, '2015-04-01 13:00:00', '2015-04-01 14:00:00', 'Fr. Hausmann', 'GK Sanddornölmassage', NULL, NULL, '55', '2015-04-01', 0, '2015-03-30 08:15:55'),
(426, 2, 4, 6, NULL, '2015-04-01 17:00:00', '2015-04-01 19:00:00', 'Fr. Demski', 'Rügens Natur', NULL, NULL, '92', '2015-04-01', 0, '2015-03-30 08:17:30'),
(427, 4, 2, 6, NULL, '2015-04-02 16:30:00', '2015-04-02 17:30:00', 'Fr. Demski', 'Osterei Rück.', NULL, NULL, '40', '2015-04-02', 0, '2015-03-30 08:18:58'),
(428, 4, 1, 1, NULL, '2015-03-31 16:30:00', '2015-03-31 17:30:00', 'Fr. Kloth', 'Osterei Rück.', NULL, NULL, '40', '2015-03-31', 0, '2015-03-30 08:20:21'),
(430, 2, 3, 1, NULL, '2015-03-30 17:00:00', '2015-03-30 18:00:00', 'Fr. Strauss', 'Osterei Rück.', NULL, NULL, '40', '2015-03-30', 0, '2015-03-30 08:23:19'),
(431, 3, 1, 1, NULL, '2015-03-30 13:00:00', '2015-03-30 14:00:00', 'Fr. Wollmann', 'GK Sanddornölmass.', 'aus Glowe', NULL, '55', '2015-03-30', 0, '2015-03-30 08:29:11'),
(432, 2, 3, 1, NULL, '2015-03-30 13:00:00', '2015-03-30 14:00:00', 'Wollmann', 'GK Sandd.mass.', NULL, NULL, '55', '2015-03-30', 0, '2015-03-30 08:30:02'),
(433, 2, 4, 6, NULL, '2015-04-02 16:00:00', '2015-04-02 17:00:00', 'Hausmann', 'Ganzkörper Kreide', NULL, 'Zi 220', '48,-', '2015-04-02', 0, '2015-03-30 08:32:33'),
(434, 3, 1, 5, NULL, '2015-04-07 12:30:00', '2015-04-07 13:00:00', 'Bergmann', 'ma', NULL, '038392 63750', '26', '2015-04-07', 0, '2015-03-30 08:55:09'),
(435, 2, 3, 5, NULL, '2015-04-07 12:30:00', '2015-04-07 13:00:00', 'Bergmann', 'Ma', NULL, NULL, '26', '2015-04-07', 0, '2015-03-30 08:55:59'),
(436, 3, 9, 1, NULL, '2015-03-31 14:00:00', '2015-03-31 15:00:00', 'Mühlhofer', 'GM & RM', NULL, '01737629810', '53', '2015-03-31', 0, '2015-03-30 09:50:56'),
(437, 3, 9, 1, NULL, '2015-03-31 15:00:00', '2015-03-31 16:00:00', 'Mühlhofer', 'GM & RM', NULL, NULL, '53', '2015-03-31', 0, '2015-03-30 09:51:40'),
(438, 3, 1, NULL, NULL, '2015-03-31 12:30:00', '2015-03-31 13:00:00', 'Jana Fahrzeit', NULL, NULL, NULL, NULL, '2015-03-31', 0, '2015-03-30 09:52:23'),
(439, 2, 3, NULL, NULL, '2015-04-28 10:30:00', '2015-04-28 11:30:00', 'Fr. Röder', 'Ma Packg.', 'Rezept', NULL, NULL, '2015-04-28', 0, '2015-03-30 10:07:02'),
(440, 2, 4, NULL, NULL, '2015-05-06 11:00:00', '2015-05-06 12:00:00', 'Fr. Röder', 'Packg. / Mass.', 'Rezept', NULL, NULL, '2015-05-06', 0, '2015-03-30 10:08:54'),
(441, 1, 7, NULL, NULL, '2015-05-26 11:00:00', '2015-05-26 12:00:00', 'Fr. Röder', NULL, NULL, NULL, NULL, '2015-05-26', 0, '2015-03-30 10:09:29'),
(442, 4, 2, NULL, NULL, '2015-04-01 17:30:00', '2015-04-01 18:00:00', 'Fahrzeit Doris', NULL, NULL, NULL, NULL, '2015-04-01', 0, '2015-03-30 10:46:33'),
(443, 3, 6, 2, NULL, '2015-04-01 14:00:00', '2015-04-01 16:00:00', 'Fr. Nestler', 'Flinke Füsse & Meeresbrise', 'kommt eventuell etwas später. Frankas Gruppe', '0176 78777672', '111', '2015-04-01', 0, '2015-03-30 11:35:13'),
(444, 3, 1, NULL, NULL, '2015-04-01 14:00:00', '2015-04-01 14:30:00', 'Jana Kosmetik', NULL, NULL, NULL, NULL, '2015-04-01', 0, '2015-03-30 11:35:47'),
(445, 3, 6, 6, NULL, '2015-04-02 12:00:00', '2015-04-02 13:30:00', 'Fr. Giese', 'gr. Kosmetik', NULL, NULL, '77', '2015-04-02', 0, '2015-03-30 12:44:26'),
(446, 2, 3, 7, NULL, '2015-04-01 16:00:00', '2015-04-01 17:00:00', '-hermann', 'Rücken intensiv', NULL, NULL, '53,00', '2015-04-01', 0, '2015-03-30 14:09:08'),
(447, 2, 4, 1, NULL, '2015-03-30 16:00:00', '2015-03-30 17:00:00', 'Jünnemann', 'Osterei', NULL, NULL, '40', '2015-03-30', 0, '2015-03-30 14:41:55'),
(448, 3, 9, 1, NULL, '2015-03-31 13:00:00', '2015-03-31 14:00:00', 'Neufeldt', 'ma pack.', 'Programm der Rücken wird es danken für 3 Tage', 'zi 36 ostseeperle', '144', '2015-03-31', 0, '2015-03-30 15:04:39'),
(449, 4, 8, 6, NULL, '2015-04-01 18:00:00', '2015-04-01 19:00:00', 'Neufeldt', 'pack. &hot stone ma', 'müsste Die bei Jana bezahlt haben 144,-€ Paketpreis', NULL, NULL, '2015-04-01', 0, '2015-03-30 15:05:54'),
(450, 3, 9, 6, NULL, '2015-04-02 15:00:00', '2015-04-02 16:00:00', 'neufeldt', 'Anti Stressmass. & Pack.', NULL, NULL, NULL, '2015-04-02', 0, '2015-03-30 15:06:51'),
(451, 4, 2, 1, NULL, '2015-03-31 18:00:00', '2015-03-31 18:30:00', 'Fr. Peetz', 'Ma. ind.', 'Probleme li. Schultergelenk', 'Zi 313', '30', '2015-03-31', 0, '2015-03-30 15:08:42'),
(452, 2, 3, 1, NULL, '2015-03-30 18:00:00', '2015-03-30 18:30:00', 'Fr...Peetz.', 'Rü ind.', NULL, NULL, '30', '2015-03-30', 0, '2015-03-30 15:10:04'),
(453, 3, 1, NULL, NULL, '2015-04-02 14:30:00', '2015-04-02 15:00:00', 'Jana Fahrzeit', NULL, NULL, NULL, NULL, '2015-04-02', 0, '2015-03-30 15:15:29'),
(454, 1, 6, 1, NULL, '2015-03-31 10:30:00', '2015-03-31 11:30:00', 'Fr. Homuth', 'kl Kosmetik', NULL, NULL, '52', '2015-03-31', 0, '2015-03-30 16:06:57'),
(455, 2, 3, 6, NULL, '2015-04-01 15:00:00', '2015-04-01 16:00:00', 'Fr. Rudolph', 'Osterei Rücken', NULL, '0176 29518200, # 2235', '40,00', '2015-04-01', 0, '2015-03-30 16:35:49'),
(456, 2, 3, 1, NULL, '2015-03-31 15:00:00', '2015-03-31 15:30:00', 'Dannhofer', 'Fußreflex', NULL, '308', '26', '2015-03-31', 0, '2015-03-31 08:09:17'),
(457, 2, 3, 1, NULL, '2015-03-31 15:30:00', '2015-03-31 16:00:00', 'Fr. Palm', 'Fußreflex', NULL, '307', '26', '2015-03-31', 0, '2015-03-31 08:09:51'),
(459, 3, 6, NULL, NULL, '2015-04-28 09:30:00', '2015-04-28 10:30:00', 'Gerhild', 'Kosmetik', 'Abz. färben & Wimpern färben', NULL, NULL, '2015-04-28', 0, '2015-03-31 08:33:26'),
(461, 3, 1, NULL, NULL, '2015-04-02 12:00:00', '2015-04-02 13:30:00', 'jana kosmeti', NULL, NULL, NULL, NULL, '2015-04-02', 0, '2015-03-31 08:46:00'),
(462, 2, 3, 1, NULL, '2015-03-31 13:00:00', '2015-03-31 14:00:00', 'Fr. Bartels', 'Osterei Rück.', NULL, NULL, '40', '2015-03-31', 0, '2015-03-31 09:05:37'),
(463, 4, 2, 6, NULL, '2015-04-01 16:00:00', '2015-04-01 17:00:00', 'Fr. Dannhover', 'Rücken intensiv', NULL, NULL, '53', '2015-04-01', 0, '2015-03-31 09:08:40'),
(464, 4, 2, 7, NULL, '2015-04-02 17:30:00', '2015-04-02 18:00:00', 'Lücke', 'Rm indiv.', NULL, NULL, '30', '2015-04-02', 0, '2015-03-31 10:29:58'),
(465, 2, 3, 7, NULL, '2015-04-02 17:30:00', '2015-04-02 18:00:00', 'Lücke', 'Relax RM', NULL, NULL, NULL, '2015-04-02', 0, '2015-03-31 10:30:28'),
(466, 4, 1, 1, NULL, '2015-03-31 18:30:00', '2015-03-31 19:30:00', 'Fr. Rossow', 'Osterei Rücken', NULL, NULL, '40', '2015-03-31', 0, '2015-03-31 11:46:44'),
(467, 3, 6, 2, NULL, '2015-04-04 13:00:00', '2015-04-04 14:30:00', 'Gastinger', 'Regenerationsbeh. + Ab', 'ist bezahlt', NULL, '85,00 + 12,00', '2015-04-04', 0, '2015-03-31 12:45:38'),
(468, 3, 1, NULL, NULL, '2015-04-04 13:00:00', '2015-04-04 14:30:00', 'Jana Kosmetik', NULL, NULL, NULL, NULL, '2015-04-04', 0, '2015-03-31 12:46:10'),
(469, 3, 6, 1, NULL, '2015-04-04 11:30:00', '2015-04-04 12:00:00', 'Galloy', 'ABfa', NULL, NULL, '12', '2015-04-04', 0, '2015-03-31 12:48:05'),
(470, 1, 7, 1, NULL, '2015-04-02 16:00:00', '2015-04-02 16:30:00', 'gastinger', 'HWS spezial', NULL, NULL, NULL, '2015-04-02', 0, '2015-03-31 12:50:10'),
(471, 3, 1, 2, NULL, '2015-04-04 12:00:00', '2015-04-04 13:00:00', 'gastinger', 'SÖ- Cremepack', 'ist bezahlt', NULL, NULL, '2015-04-04', 0, '2015-03-31 12:52:05'),
(472, 3, 2, 1, NULL, '2015-04-04 12:00:00', '2015-04-04 13:00:00', 'Galloy', 'SÖ-Cremepack.', NULL, NULL, NULL, '2015-04-04', 0, '2015-03-31 12:52:45'),
(473, 1, 7, NULL, NULL, '2015-04-14 14:00:00', '2015-04-14 15:00:00', 'weckmüller', NULL, NULL, NULL, NULL, '2015-04-14', 0, '2015-03-31 12:56:11'),
(474, 3, 1, 7, NULL, '2015-04-01 12:00:00', '2015-04-01 13:00:00', 'Wallwiener', 'osterei Rücken', NULL, NULL, '40', '2015-04-01', 0, '2015-03-31 12:56:12'),
(475, 3, 6, 6, NULL, '2015-04-01 10:30:00', '2015-04-01 11:30:00', 'Grell', 'Flinke Füsse', NULL, '224', '52', '2015-04-01', 0, '2015-03-31 13:42:53'),
(476, 3, 1, NULL, NULL, '2015-04-01 10:30:00', '2015-04-01 11:30:00', 'Jana Kosmetik', NULL, NULL, NULL, NULL, '2015-04-01', 0, '2015-03-31 13:43:42'),
(477, 2, 3, 6, NULL, '2015-04-02 16:30:00', '2015-04-02 17:00:00', 'Fr. Kloth', 'FRZ', NULL, NULL, '26', '2015-04-02', 0, '2015-03-31 15:24:38'),
(478, 1, 7, 5, NULL, '2015-04-14 16:30:00', '2015-04-14 17:00:00', 'Koos', 'Massage', '27/03/15/J1  18,-€ vom 75,-€ Gutschein.', NULL, NULL, '2015-04-14', 0, '2015-03-31 16:00:07'),
(479, 3, 6, 2, NULL, '2015-04-28 14:30:00', '2015-04-28 16:00:00', 'Fr. Koos', 'gr. Kosmetik', 'mit Bartentfernung', NULL, '62,75', '2015-04-28', 0, '2015-03-31 16:02:17'),
(480, 1, 7, NULL, NULL, '2015-05-21 16:00:00', '2015-05-21 16:30:00', 'Fr. Koos', 'Ma', NULL, NULL, NULL, '2015-05-21', 0, '2015-03-31 16:04:01'),
(481, 1, 6, NULL, NULL, '2015-05-21 16:30:00', '2015-05-21 18:00:00', 'Koos', 'gr. Kosmetik', NULL, NULL, NULL, '2015-05-21', 0, '2015-03-31 16:04:26'),
(482, 4, 2, 6, NULL, '2015-04-02 18:00:00', '2015-04-02 18:30:00', 'Pietz', 'Ma indi', NULL, NULL, '30', '2015-04-02', 0, '2015-03-31 16:28:42'),
(484, 4, 1, 6, NULL, '2015-04-02 16:30:00', '2015-04-02 17:30:00', 'Frau Grell', 'Osterei Rück.', NULL, NULL, '40', '2015-04-02', 0, '2015-04-01 08:34:57'),
(485, 1, 7, NULL, NULL, '2015-04-06 11:00:00', '2015-04-06 12:00:00', 'Naulin', NULL, NULL, NULL, NULL, '2015-04-06', 1, '2015-04-01 11:06:33'),
(486, 4, 8, 4, NULL, '2015-04-04 17:30:00', '2015-04-04 18:00:00', 'Aschpurwis', 'Ma', NULL, NULL, NULL, '2015-04-04', 0, '2015-04-01 12:13:34'),
(487, 4, 8, NULL, NULL, '2015-04-04 18:00:00', '2015-04-04 19:00:00', 'Aschpurwis', 'Ma', 'hatten sich etwas verspätet', NULL, NULL, '2015-04-04', 0, '2015-04-01 12:15:02'),
(488, 4, 9, 4, NULL, '2015-04-05 18:00:00', '2015-04-05 20:00:00', 'Fiolka', 'Ganzkörper Sanddornölcremepackung & GK Massage', NULL, NULL, NULL, '2015-04-05', 0, '2015-04-01 12:18:50'),
(489, 4, 8, 4, NULL, '2015-04-05 18:00:00', '2015-04-05 20:00:00', 'Fiolka', 'GK Massage & Cremepackg.', NULL, NULL, NULL, '2015-04-05', 0, '2015-04-01 12:20:06'),
(490, 3, 8, 4, NULL, '2015-04-06 13:00:00', '2015-04-06 14:00:00', 'Fiolka', 'k. Kosmetik', NULL, NULL, NULL, '2015-04-06', 0, '2015-04-01 12:22:12'),
(491, 3, 8, NULL, NULL, '2015-04-06 12:30:00', '2015-04-06 13:00:00', 'Pause', NULL, NULL, NULL, NULL, '2015-04-06', 0, '2015-04-01 12:22:52'),
(492, 3, 8, NULL, NULL, '2015-04-06 11:30:00', '2015-04-06 12:30:00', 'Fiolka', 'kl. Kosmetik', NULL, NULL, NULL, '2015-04-06', 0, '2015-04-01 12:23:21'),
(498, 3, 8, NULL, NULL, '2015-04-14 09:30:00', '2015-04-14 10:30:00', 'Maas', 'Pack./ Mass.', NULL, NULL, NULL, '2015-04-14', 0, '2015-04-01 12:35:54'),
(499, 3, 9, 4, NULL, '2015-04-14 09:30:00', '2015-04-14 10:30:00', 'Maas', 'Pack./ Mass.', NULL, NULL, NULL, '2015-04-14', 0, '2015-04-01 12:36:34'),
(500, 3, 9, 4, NULL, '2015-04-14 10:30:00', '2015-04-14 11:30:00', 'Maas', 'pack. &hot stone ma', NULL, NULL, NULL, '2015-04-14', 0, '2015-04-01 12:37:28'),
(501, 3, 8, NULL, NULL, '2015-04-14 12:30:00', '2015-04-14 13:00:00', 'Pause', NULL, NULL, NULL, NULL, '2015-04-14', 0, '2015-04-01 12:38:32'),
(502, 3, 8, 4, NULL, '2015-04-15 14:00:00', '2015-04-15 15:00:00', 'Maas', 'pack. &hot stone ma', NULL, NULL, NULL, '2015-04-15', 0, '2015-04-01 12:39:46'),
(503, 3, 9, 4, NULL, '2015-04-15 14:00:00', '2015-04-15 15:00:00', 'Maas', 'pack. &hot stone ma', NULL, NULL, NULL, '2015-04-15', 0, '2015-04-01 12:40:55'),
(504, 3, 8, 4, NULL, '2015-04-15 15:00:00', '2015-04-15 16:00:00', 'Maas', 'Pack./ Mass.', NULL, NULL, NULL, '2015-04-15', 0, '2015-04-01 12:41:26'),
(505, 2, 3, 7, NULL, '2015-04-01 17:00:00', '2015-04-01 18:30:00', 'Giese-Wall', 'Osterei', NULL, NULL, NULL, '2015-04-01', 0, '2015-04-01 13:02:05'),
(506, 4, 2, NULL, NULL, '2015-04-29 18:00:00', '2015-04-29 20:00:00', 'Sybille', 'Kosmetik', NULL, NULL, NULL, '2015-04-29', 0, '2015-04-01 14:48:48'),
(507, 4, 2, 6, NULL, '2015-04-02 19:00:00', '2015-04-02 19:30:00', 'dannhofen', 'Ma indi', NULL, NULL, '30.00', '2015-04-02', 0, '2015-04-01 15:09:19'),
(508, 3, 1, NULL, NULL, '2015-04-03 11:30:00', '2015-04-03 12:30:00', 'Hoevels , Delgado', 'Osterei Rücken', NULL, '01712220679', '40.00 ist bezahlt  G', '2015-04-03', 0, '2015-04-01 15:16:53'),
(509, 3, 2, NULL, NULL, '2015-04-03 11:30:00', '2015-04-03 12:30:00', 'Hoevels , Dagado', 'Osterei Rück.', NULL, NULL, '40.00 Gutschein', '2015-04-03', 0, '2015-04-01 15:24:34'),
(510, 4, 2, NULL, NULL, '2015-04-02 18:30:00', '2015-04-02 19:00:00', 'Pause', NULL, NULL, NULL, NULL, '2015-04-02', 0, '2015-04-02 07:14:18'),
(511, 2, 4, 2, NULL, '2015-04-02 14:00:00', '2015-04-02 15:00:00', 'Frau Feudt', 'Hot Stone GKM', NULL, NULL, '58', '2015-04-02', 0, '2015-04-02 08:01:04'),
(513, 4, 2, 2, NULL, '2015-04-02 15:00:00', '2015-04-02 16:00:00', 'Frau Middendorf', 'Hot Stone GKM', NULL, '0179 7700379', '58', '2015-04-02', 0, '2015-04-02 08:04:47'),
(514, 2, 4, 2, NULL, '2015-04-02 15:00:00', '2015-04-02 16:00:00', 'Frau Middendorf', 'Hot Stone GKM', '2x Middendorf , 1 x Feucht gehören zusammen', NULL, '58', '2015-04-02', 0, '2015-04-02 08:06:23'),
(515, 1, 7, NULL, NULL, '2015-05-14 09:30:00', '2015-05-14 10:30:00', 'Wüstenberg', NULL, NULL, NULL, NULL, '2015-05-14', 0, '2015-04-02 08:38:19'),
(516, 2, 3, NULL, NULL, '2015-04-02 17:00:00', '2015-04-02 17:30:00', 'Pause', NULL, NULL, NULL, NULL, '2015-04-02', 0, '2015-04-02 08:44:21'),
(517, 1, 7, NULL, NULL, '2015-04-03 09:30:00', '2015-04-03 10:30:00', 'Fr. Heiks', 'cranio', NULL, NULL, NULL, '2015-04-03', 0, '2015-04-02 09:56:57'),
(518, 1, 7, NULL, NULL, '2015-04-02 16:30:00', '2015-04-02 18:00:00', 'Franka', NULL, NULL, NULL, NULL, '2015-04-02', 0, '2015-04-02 10:12:33'),
(519, 1, 7, NULL, NULL, '2015-04-04 11:30:00', '2015-04-04 12:00:00', 'Gastinger', 'HWS', 'ist bezahlt', NULL, NULL, '2015-04-04', 0, '2015-04-02 14:33:59'),
(520, 3, 3, 6, NULL, '2015-04-21 10:30:00', '2015-04-21 11:30:00', 'Czoske', 'Hot Stone Ents.', 'wollen nur parallel nach dem Frühstück', '0171/4007070', '64', '2015-04-21', 0, '2015-04-02 15:00:44'),
(521, 2, 4, 6, NULL, '2015-04-21 10:30:00', '2015-04-21 11:30:00', 'Czoske', 'Hot Stone Ents.', NULL, NULL, '64', '2015-04-21', 0, '2015-04-02 15:01:27'),
(522, 3, 1, 6, NULL, '2015-04-23 10:30:00', '2015-04-23 11:30:00', 'Czoske', 'FRZ + Anti-Stress.', 'siehe Dienstag', NULL, '26 + 29', '2015-04-23', 0, '2015-04-02 15:03:24'),
(523, 2, 3, 6, NULL, '2015-04-23 10:30:00', '2015-04-23 11:30:00', 'Czoske', 'FRZ + Rückenpack.', '# 311, 01714007070', NULL, '26 + 24', '2015-04-23', 0, '2015-04-02 15:04:00'),
(524, 2, 4, 2, NULL, '2015-04-06 16:00:00', '2015-04-06 18:00:00', 'Fr. Rudolf', 'Rügens Natur', NULL, NULL, '92', '2015-04-06', 0, '2015-04-02 15:08:56'),
(525, 2, 4, 7, NULL, '2015-04-02 17:30:00', '2015-04-02 18:30:00', 'Hr. Weinhold', 'Oster spezial', NULL, NULL, '40', '2015-04-02', 0, '2015-04-02 15:10:46'),
(526, 4, 1, 7, NULL, '2015-04-03 15:00:00', '2015-04-03 16:00:00', 'Berger', 'Osterei Gesicht', 'Zi 314', NULL, '40,00', '2015-04-03', 0, '2015-04-02 17:39:42'),
(527, 4, 2, 7, NULL, '2015-04-03 15:00:00', '2015-04-03 16:00:00', 'Berger', 'Osterei Gesicht', NULL, NULL, '40,00', '2015-04-03', 0, '2015-04-02 17:40:42'),
(528, 3, 1, 2, NULL, '2015-04-06 09:30:00', '2015-04-06 10:30:00', 'Hövels', 'Osterei Gesicht', NULL, NULL, '40', '2015-04-06', 0, '2015-04-03 10:31:58'),
(529, 3, 6, 2, NULL, '2015-04-06 10:00:00', '2015-04-06 11:00:00', 'Hr Hövels', 'Beauty for Men', NULL, NULL, '55', '2015-04-06', 0, '2015-04-03 10:34:11'),
(530, 3, 8, NULL, NULL, '2015-04-06 11:00:00', '2015-04-06 11:30:00', 'Jana Fahrzeit', NULL, NULL, NULL, NULL, '2015-04-06', 0, '2015-04-03 10:35:42'),
(531, 4, 2, 6, NULL, '2015-04-03 16:30:00', '2015-04-03 17:30:00', 'Thiele', 'Kopfschmerzmassage', NULL, NULL, '52.00', '2015-04-03', 0, '2015-04-03 12:46:46'),
(532, 3, 1, 6, NULL, '2015-04-04 10:30:00', '2015-04-04 11:30:00', 'Schumann  zi. 213', 'Osterei Rücken', NULL, NULL, '40.00', '2015-04-04', 0, '2015-04-03 15:53:27'),
(533, 1, 7, NULL, NULL, '2015-04-04 10:30:00', '2015-04-04 11:30:00', 'Schumann', 'Cranio', 'HWS Probleme', 'zi. 213', '65', '2015-04-04', 0, '2015-04-03 15:55:21'),
(534, 1, 7, NULL, NULL, '2015-04-04 09:30:00', '2015-04-04 10:00:00', 'Rudolph', 'HWS spezial', 'Zi. 312', NULL, '35', '2015-04-04', 0, '2015-04-03 17:42:16'),
(535, 1, 7, 1, NULL, '2015-04-04 10:00:00', '2015-04-04 10:30:00', 'Linke', 'HWS spezial', NULL, NULL, '35', '2015-04-04', 0, '2015-04-03 17:43:08'),
(537, 2, 3, NULL, NULL, '2015-04-04 12:00:00', '2015-04-04 12:30:00', 'Bea ab 12.30', NULL, NULL, NULL, NULL, '2015-04-04', 0, '2015-04-04 06:40:31'),
(538, 4, 9, 6, NULL, '2015-04-05 17:00:00', '2015-04-05 18:00:00', 'Frau Weiße', 'Entspannter Rücken', NULL, NULL, '46', '2015-04-05', 0, '2015-04-04 08:33:26'),
(539, 4, 8, 6, NULL, '2015-04-05 17:00:00', '2015-04-05 18:00:00', 'Herr Zese', 'entspannter Rücken', NULL, NULL, '46', '2015-04-05', 0, '2015-04-04 08:34:27'),
(540, 2, 4, 5, NULL, '2015-04-06 13:00:00', '2015-04-06 13:30:00', 'Herrn Ott', 'RM', 'GS', NULL, '26', '2015-04-06', 0, '2015-04-04 08:36:04'),
(541, 3, 9, 4, NULL, '2015-04-08 13:00:00', '2015-04-08 15:30:00', 'Fiolka', 'Meersalzpeeling, Rückenpackung und Fußmassage', NULL, NULL, NULL, '2015-04-08', 0, '2015-04-04 09:10:55'),
(542, 3, 8, 4, NULL, '2015-04-08 13:30:00', '2015-04-08 15:30:00', 'Fiolka', 'Meersalzpeeling, Rückenpackung und Fußmassage', NULL, NULL, NULL, '2015-04-08', 0, '2015-04-04 09:11:27'),
(543, 3, 1, NULL, NULL, '2015-04-08 11:00:00', '2015-04-08 11:30:00', 'Fahrzeit Jana', NULL, NULL, NULL, NULL, '2015-04-08', 0, '2015-04-04 09:12:26'),
(544, 3, 1, NULL, NULL, '2015-04-06 10:30:00', '2015-04-06 11:00:00', 'Fahrzeit Jana', NULL, NULL, NULL, NULL, '2015-04-06', 0, '2015-04-04 09:14:58'),
(545, 1, 6, NULL, NULL, '2015-04-09 14:00:00', '2015-04-09 15:30:00', 'Frau Mahlzahn', 'gr. kosmetik', NULL, NULL, NULL, '2015-04-09', 0, '2015-04-04 10:21:50'),
(546, 3, 6, 1, NULL, '2015-04-09 13:30:00', '2015-04-09 14:30:00', 'Kuban', 'kl. Kosmetik', NULL, NULL, NULL, '2015-04-09', 1, '2015-04-04 11:38:01'),
(547, 2, 4, 2, NULL, '2015-04-09 13:30:00', '2015-04-09 14:30:00', 'Tammer', 'GK SÖ', 'bezahlt die FRZ von Frau Börger mit. Frau Börger hat einen GS', NULL, '55,+ 26 GS', '2015-04-09', 0, '2015-04-04 11:38:44'),
(548, 1, 6, NULL, NULL, '2015-04-09 14:00:00', '2015-04-09 15:30:00', 'Fr. Mahlzahn', 'gr. Kosmetik', NULL, NULL, NULL, '2015-04-09', 0, '2015-04-04 11:44:16'),
(549, 1, 6, NULL, NULL, '2015-04-09 15:30:00', '2015-04-09 17:00:00', 'Fr. Mahlzahn', NULL, NULL, NULL, NULL, '2015-04-09', 0, '2015-04-04 11:49:59'),
(550, 2, 4, 6, NULL, '2015-04-05 16:00:00', '2015-04-05 17:00:00', 'Fr. Hentschel', 'Osterei rücken', NULL, NULL, '40,00', '2015-04-05', 0, '2015-04-04 15:47:31'),
(551, 2, 3, 6, NULL, '2015-04-09 16:00:00', '2015-04-09 17:00:00', 'Fr. Hentschel', 'Rücken Relax (Hot Stone + HKP)', NULL, NULL, '49', '2015-04-09', 0, '2015-04-04 15:50:02'),
(552, 2, 3, 7, NULL, '2015-04-05 14:30:00', '2015-04-05 15:30:00', 'Hr. Schaller', 'Rücken intensiv', NULL, NULL, '53,00', '2015-04-05', 0, '2015-04-05 11:51:56'),
(555, 4, 2, 4, NULL, '2015-04-08 15:00:00', '2015-04-08 16:00:00', 'Franz', 'GK Zitronenölmassage', NULL, NULL, NULL, '2015-04-08', 0, '2015-04-05 12:14:36'),
(556, 2, 4, 4, NULL, '2015-04-08 15:00:00', '2015-04-08 16:00:00', 'Franz', 'GK Zitronenölmassage', NULL, NULL, NULL, '2015-04-08', 0, '2015-04-05 12:15:17'),
(559, 3, 2, 4, NULL, '2015-04-10 09:30:00', '2015-04-10 10:30:00', 'Franz', 'GP + GL', NULL, NULL, NULL, '2015-04-10', 0, '2015-04-05 12:21:59'),
(560, 3, 1, 4, NULL, '2015-04-10 09:30:00', '2015-04-10 10:30:00', 'Franz', 'GP * GL', NULL, NULL, NULL, '2015-04-10', 0, '2015-04-05 12:22:33'),
(561, 2, 3, 7, NULL, '2015-04-07 16:00:00', '2015-04-07 17:00:00', 'Fr. Fischer', 'Osterei Rücken', NULL, NULL, '40', '2015-04-07', 0, '2015-04-05 14:48:38'),
(562, 3, 1, 4, NULL, '2015-04-07 09:30:00', '2015-04-07 11:00:00', 'Fam. Franz', 'Meersalzpeeling & Algenpackung', NULL, NULL, NULL, '2015-04-07', 0, '2015-04-06 06:56:39'),
(563, 3, 2, 4, NULL, '2015-04-07 09:30:00', '2015-04-07 11:00:00', 'Franz', 'Meersalzpeeling & Algenpckung', NULL, NULL, NULL, '2015-04-07', 0, '2015-04-06 06:57:39'),
(564, 3, 1, NULL, NULL, '2015-04-10 10:30:00', '2015-04-10 11:30:00', 'Franz', 'Bodywrapping', NULL, NULL, NULL, '2015-04-10', 0, '2015-04-06 07:03:53'),
(565, 3, 2, NULL, NULL, '2015-04-10 10:30:00', '2015-04-10 11:30:00', 'Franz', 'Bodywrapping', NULL, NULL, NULL, '2015-04-10', 0, '2015-04-06 07:04:15'),
(566, 4, 9, 6, NULL, '2015-05-01 19:30:00', '2015-05-01 20:00:00', 'Oberla', 'Massage', NULL, NULL, NULL, '2015-05-01', 0, '2015-04-06 07:52:27'),
(567, 4, 9, 6, NULL, '2015-05-01 19:00:00', '2015-05-01 19:30:00', 'Oberle', 'Ma', NULL, NULL, NULL, '2015-05-01', 0, '2015-04-06 07:52:53'),
(568, 4, 9, 6, NULL, '2015-05-01 18:30:00', '2015-05-01 19:00:00', 'Oberle', 'Ma', NULL, NULL, NULL, '2015-05-01', 0, '2015-04-06 07:53:22'),
(569, 3, 8, 6, NULL, '2015-05-02 09:30:00', '2015-05-02 10:30:00', 'Oberle', 'Kosmetik', NULL, NULL, NULL, '2015-05-02', 0, '2015-04-06 07:54:15'),
(570, 3, 8, 6, NULL, '2015-05-02 10:30:00', '2015-05-02 11:30:00', 'Oberle', 'Kosmetik', NULL, NULL, NULL, '2015-05-02', 0, '2015-04-06 07:54:38'),
(571, 3, 8, 6, NULL, '2015-05-02 11:30:00', '2015-05-02 12:30:00', 'Oberle', 'Kosmetik', NULL, NULL, NULL, '2015-05-02', 0, '2015-04-06 07:55:12'),
(572, 3, 8, NULL, NULL, '2015-05-02 12:30:00', '2015-05-02 13:00:00', 'Pause', NULL, NULL, NULL, NULL, '2015-05-02', 0, '2015-04-06 07:55:27'),
(573, 2, 3, 4, NULL, '2015-04-18 09:30:00', '2015-04-18 10:30:00', 'Röder', 'Entsp. Rücken', NULL, NULL, NULL, '2015-04-18', 0, '2015-04-06 09:15:51'),
(574, 2, 4, 4, NULL, '2015-04-18 09:30:00', '2015-04-18 10:30:00', 'Röder', 'Entsp. Rücken', NULL, NULL, NULL, '2015-04-18', 0, '2015-04-06 09:16:55'),
(575, 2, 4, 5, NULL, '2015-04-18 12:30:00', '2015-04-18 13:30:00', 'Franka', '1 h nach Wahl', NULL, NULL, NULL, '2015-04-18', 0, '2015-04-06 09:17:54'),
(576, 2, 4, 5, NULL, '2015-04-25 12:00:00', '2015-04-25 13:00:00', 'Franka', '1h nach Wahl', 'nicht erschienen, tel. nicht erreichbar', NULL, NULL, '2015-04-25', 1, '2015-04-06 09:19:33'),
(577, 2, 4, 5, NULL, '2015-05-02 12:00:00', '2015-05-02 13:00:00', 'Franka', '1h nach Wahl', 'nicht erschienen,tel. nicht erreichbar', NULL, NULL, '2015-05-02', 1, '2015-04-06 09:20:44'),
(578, 2, 4, 5, NULL, '2015-05-09 12:00:00', '2015-05-09 13:00:00', 'Franka', '1h nach Wahl', 'nicht erschienen', NULL, NULL, '2015-05-09', 1, '2015-04-06 09:21:26'),
(579, 1, 7, NULL, NULL, '2015-05-16 12:00:00', '2015-05-16 15:00:00', 'Franka', NULL, NULL, NULL, NULL, '2015-05-16', 1, '2015-04-06 09:22:04'),
(580, 2, 4, NULL, NULL, '2015-04-10 14:00:00', '2015-04-10 14:30:00', 'Bea ab 14.30', NULL, NULL, NULL, NULL, '2015-04-10', 0, '2015-04-06 09:43:20'),
(581, 2, 4, 7, NULL, '2015-04-06 15:00:00', '2015-04-06 16:00:00', 'Fr. Gutjahr', 'Rücken intensiv', NULL, NULL, '53', '2015-04-06', 0, '2015-04-06 10:36:08'),
(582, 2, 5, 7, NULL, '2015-04-07 19:30:00', '2015-04-07 20:00:00', 'Fam. Gutjahr', 'RoBad', NULL, NULL, '55,00', '2015-04-07', 0, '2015-04-06 12:04:53'),
(586, 2, 4, 1, NULL, '2015-04-07 17:00:00', '2015-04-07 17:30:00', 'Hr. Lahres', 'Rücken indiv.', NULL, NULL, '30,00', '2015-04-07', 0, '2015-04-06 13:49:33'),
(590, 2, 4, 7, NULL, '2015-04-07 17:00:00', '2015-04-07 17:30:00', 'Hr. Lahres', 'Rücken indiv.', NULL, NULL, '30', '2015-04-07', 0, '2015-04-06 13:49:34'),
(591, 4, 2, 7, NULL, '2015-04-07 17:00:00', '2015-04-07 17:30:00', 'Hr. Bauseler', 'Rücken indiv.', NULL, NULL, '30', '2015-04-07', 0, '2015-04-06 13:49:34'),
(592, 4, 2, 2, NULL, '2015-04-08 17:00:00', '2015-04-08 18:00:00', 'Begl. Fr. Sprafke', 'Rücken intensiv', NULL, NULL, '53,00', '2015-04-08', 0, '2015-04-06 16:22:09'),
(593, 4, 6, 2, NULL, '2015-04-08 18:00:00', '2015-04-08 18:30:00', 'Begl. Fr.  Sprafke', 'Augen pur', NULL, NULL, '30', '2015-04-08', 0, '2015-04-06 16:23:25'),
(594, 2, 4, 7, NULL, '2015-04-08 17:00:00', '2015-04-08 19:00:00', 'Fr. Sprafke', 'gr. Entschlackungsprogramm', NULL, NULL, '99,00', '2015-04-08', 0, '2015-04-06 16:24:25'),
(595, 4, 2, NULL, NULL, '2015-04-08 18:00:00', '2015-04-08 18:30:00', 'Doris Kosmetik', NULL, NULL, NULL, NULL, '2015-04-08', 0, '2015-04-06 16:24:55'),
(596, 3, 1, 7, NULL, '2015-04-09 14:30:00', '2015-04-09 15:00:00', 'Fam. Heinze', 'Hot-Stone-Rücken', NULL, NULL, '29,00', '2015-04-09', 0, '2015-04-06 16:26:00'),
(597, 2, 4, 7, NULL, '2015-04-09 14:30:00', '2015-04-09 15:00:00', 'Fam. Heinze', 'Hot-Stone-Rücken', NULL, NULL, '29,00', '2015-04-09', 0, '2015-04-06 16:26:37'),
(598, 3, 6, 6, NULL, '2015-04-09 12:00:00', '2015-04-09 13:30:00', 'Fr. Franz', 'Regenerationsbeh.', 'wird heute 50', NULL, '85,00', '2015-04-09', 0, '2015-04-06 17:41:39'),
(599, 3, 1, NULL, NULL, '2015-04-09 10:00:00', '2015-04-09 10:30:00', 'Jana Fahrzeit', NULL, NULL, NULL, NULL, '2015-04-09', 0, '2015-04-07 07:10:30'),
(600, 3, 1, NULL, NULL, '2015-04-09 12:00:00', '2015-04-09 14:30:00', 'Jana Kosmetik', NULL, NULL, NULL, NULL, '2015-04-09', 0, '2015-04-07 07:10:57'),
(601, 3, 1, 7, NULL, '2015-04-07 11:30:00', '2015-04-07 12:30:00', 'Weber', 'Osterei Rück.', NULL, NULL, '40', '2015-04-07', 0, '2015-04-07 07:42:53'),
(602, 4, 2, 2, NULL, '2015-04-10 16:00:00', '2015-04-10 19:00:00', 'Vahrenholtz', 'Gk Kreidepackg./ GK Sanddorölmass./ GP/ SanddornölGesichtsmassage', 'Programm 3 Std. Heilkreide und Sanddorn von Seite 18 Flyer,\r\nin der oben angegebenen Reihenfolge durchführen.', NULL, '144', '2015-04-10', 0, '2015-04-07 08:27:06'),
(603, 1, 7, 1, NULL, '2015-04-09 14:00:00', '2015-04-09 15:00:00', 'Frau Schäfer', 'Kopfschmerzmassage', NULL, NULL, '52', '2015-04-09', 0, '2015-04-07 09:11:35'),
(604, 4, 1, 7, NULL, '2015-04-07 15:30:00', '2015-04-07 16:00:00', 'Heise', 'Ma', NULL, NULL, '26', '2015-04-07', 0, '2015-04-07 09:45:39'),
(605, 2, 4, 7, NULL, '2015-04-07 15:30:00', '2015-04-07 16:00:00', 'Heise', 'Kreidep. Rü.', NULL, NULL, '24', '2015-04-07', 0, '2015-04-07 09:46:36'),
(606, 3, 2, 7, NULL, '2015-04-07 15:30:00', '2015-04-07 16:00:00', 'Heise', 'Ma Kind 10 jahre', NULL, NULL, '26', '2015-04-07', 0, '2015-04-07 09:47:32'),
(607, 3, 6, 7, NULL, '2015-05-12 13:30:00', '2015-05-12 15:00:00', 'Fr. Matz', 'gr. Kosmetik', 'Abz./ färben, Wimpern blauschwarz, Bart etwas zupfen', NULL, '57,75', '2015-05-12', 0, '2015-04-07 12:31:11'),
(608, 3, 1, 1, NULL, '2015-04-10 11:30:00', '2015-04-10 12:30:00', 'Frau Gebhardt', 'entspannter Rücken', NULL, NULL, '46', '2015-04-10', 1, '2015-04-07 12:56:11'),
(609, 3, 2, 1, NULL, '2015-04-10 11:30:00', '2015-04-10 12:30:00', 'Frau Gebhardt', 'entspannter Rücken', 'waren in glowe', NULL, '46', '2015-04-10', 1, '2015-04-07 12:58:42'),
(611, 4, 2, 3, NULL, '2015-04-11 16:30:00', '2015-04-11 17:00:00', 'Heike Wagner', 'Ma. ind.', NULL, NULL, NULL, '2015-04-11', 0, '2015-04-07 14:36:04'),
(612, 1, 7, NULL, NULL, '2015-05-18 15:00:00', '2015-05-18 16:00:00', 'Werth', NULL, NULL, NULL, NULL, '2015-05-18', 0, '2015-04-07 14:58:09'),
(613, 1, 7, NULL, NULL, '2015-05-18 17:00:00', '2015-05-18 18:00:00', 'Simone', NULL, NULL, NULL, NULL, '2015-05-18', 0, '2015-04-07 15:56:53'),
(614, 3, 1, NULL, NULL, '2015-04-09 15:00:00', '2015-04-09 15:30:00', 'Jana Kosmetik', NULL, NULL, NULL, NULL, '2015-04-09', 0, '2015-04-07 16:40:01'),
(615, 3, 6, NULL, NULL, '2015-04-09 15:00:00', '2015-04-09 15:30:00', 'Fr. Fräckem', 'Augen pur', 'dann zu Bea', NULL, '30,00', '2015-04-09', 0, '2015-04-07 16:41:00'),
(616, 2, 4, 7, NULL, '2015-04-09 15:30:00', '2015-04-09 16:30:00', 'Fr. Fräckem', 'Ganzkörper-Kreidepackung', 'vorher bei Jana', NULL, '48,00', '2015-04-09', 0, '2015-04-07 16:42:37'),
(617, 3, 9, 7, NULL, '2015-04-08 11:30:00', '2015-04-08 12:30:00', 'Fr. Burghardt', 'Rügen spezial', 'Ma + Pa +Fussmass. (bei Pa)', NULL, '65,00', '2015-04-08', 0, '2015-04-07 17:00:49'),
(618, 3, 9, NULL, NULL, '2015-04-08 12:30:00', '2015-04-08 13:00:00', 'Pause', NULL, NULL, NULL, NULL, '2015-04-08', 0, '2015-04-07 17:48:07'),
(619, 3, 9, NULL, NULL, '2015-04-08 11:00:00', '2015-04-08 11:30:00', 'Fahrzeit Jana', NULL, NULL, NULL, NULL, '2015-04-08', 0, '2015-04-07 17:49:13'),
(620, 4, 2, 6, NULL, '2015-04-08 16:00:00', '2015-04-08 17:00:00', 'Frau Liedtke', 'RM intensiv', NULL, NULL, '53', '2015-04-08', 0, '2015-04-08 07:14:19'),
(621, 3, 1, NULL, NULL, '2015-04-10 12:30:00', '2015-04-10 13:00:00', 'Pause', NULL, NULL, NULL, NULL, '2015-04-10', 0, '2015-04-08 07:30:46'),
(622, 3, 1, NULL, NULL, '2015-04-09 11:30:00', '2015-04-09 12:00:00', 'Pause', NULL, NULL, NULL, NULL, '2015-04-09', 0, '2015-04-08 07:35:35'),
(623, 3, 6, 2, NULL, '2015-04-09 13:30:00', '2015-04-09 14:30:00', 'Frau Kötzig', 'flinke Füsse', NULL, NULL, '52', '2015-04-09', 0, '2015-04-08 07:43:36'),
(624, 2, 4, 2, NULL, '2015-04-08 16:00:00', '2015-04-08 17:00:00', 'Frau Kötzig', 'Kopfschmerzmassage', NULL, NULL, '52', '2015-04-08', 0, '2015-04-08 07:45:39'),
(626, 2, 4, 5, NULL, '2015-04-09 15:00:00', '2015-04-09 15:30:00', 'Frau Börger', 'FRZ', NULL, NULL, NULL, '2015-04-09', 0, '2015-04-08 08:48:16'),
(629, 2, 4, 2, NULL, '2015-04-09 18:30:00', '2015-04-09 20:00:00', 'Fr. Schröder', 'Massagetraum', NULL, NULL, '85,00', '2015-04-09', 0, '2015-04-08 11:31:15'),
(630, 1, 7, 1, NULL, '2015-04-10 10:00:00', '2015-04-10 11:00:00', 'Fr. Coburger', 'Muskelentspannung', 'eigentl. Homöopathie, ist aber öfter hier', NULL, '65,00', '2015-04-10', 0, '2015-04-08 11:36:29'),
(631, 1, 7, NULL, NULL, '2015-05-21 09:30:00', '2015-05-21 10:30:00', 'Wüstenberg', NULL, NULL, NULL, NULL, '2015-05-21', 0, '2015-04-08 16:55:28'),
(632, 1, 6, NULL, NULL, '2015-05-21 10:30:00', '2015-05-21 11:30:00', 'Gerhild', NULL, NULL, NULL, NULL, '2015-05-21', 0, '2015-04-08 16:56:55'),
(633, 1, 7, NULL, NULL, '2015-04-09 15:00:00', '2015-04-09 15:30:00', 'Mazarek', 'HWS spezial', NULL, NULL, '35', '2015-04-09', 0, '2015-04-09 06:59:09'),
(635, 3, 1, NULL, NULL, '2015-04-17 10:30:00', '2015-04-17 12:00:00', 'Kosmetik', NULL, NULL, NULL, NULL, '2015-04-17', 0, '2015-04-09 09:26:58'),
(636, 1, 7, NULL, NULL, '2015-04-13 09:00:00', '2015-04-13 09:30:00', 'Fr.Wagner anrufen', NULL, NULL, NULL, NULL, '2015-04-13', 0, '2015-04-09 09:40:38'),
(637, 2, 4, 7, NULL, '2015-04-14 14:00:00', '2015-04-14 15:30:00', 'Herr Wedlmyer', 'Massagetraum', NULL, NULL, '85', '2015-04-14', 0, '2015-04-09 13:52:40'),
(638, 3, 6, 7, NULL, '2015-05-06 09:30:00', '2015-05-06 11:00:00', 'Fr. Mahlzahn', 'gr. Kosmetik & Bartentf.', 'sonst bei Sylke, Augen schwarz, Brauen Naturbraun und solange drauflassen die Farbe wie die Augen', NULL, '62,75', '2015-05-06', 0, '2015-04-09 14:55:01'),
(639, 1, 7, NULL, NULL, '2015-04-10 09:30:00', '2015-04-10 10:00:00', 'Franz', 'HWS', NULL, NULL, NULL, '2015-04-10', 0, '2015-04-09 15:29:30'),
(640, 1, 6, 2, NULL, '2015-05-19 17:00:00', '2015-05-19 18:00:00', 'Fr. Rößler', 'Kosmetik', NULL, NULL, '42', '2015-05-19', 0, '2015-04-09 16:02:34'),
(641, 3, 6, 1, NULL, '2015-04-10 14:00:00', '2015-04-10 15:00:00', 'Spraßke', 'Couperosebehandlg', 'mit ausreinigen', NULL, '55', '2015-04-10', 0, '2015-04-10 07:59:11'),
(642, 2, 3, 2, NULL, '2015-04-10 14:00:00', '2015-04-10 15:00:00', 'Gunschvitz', 'Entsp. Rücken', NULL, NULL, NULL, '2015-04-10', 0, '2015-04-10 08:02:12'),
(643, 1, 7, NULL, NULL, '2015-05-26 12:00:00', '2015-05-26 13:00:00', 'Bourquin', NULL, NULL, NULL, NULL, '2015-05-26', 0, '2015-04-10 08:53:59'),
(644, 1, 7, NULL, NULL, '2015-05-26 14:00:00', '2015-05-26 16:00:00', 'Fr. Coburger', 'Homöop.', NULL, NULL, NULL, '2015-05-26', 0, '2015-04-10 08:54:32'),
(645, 3, 6, 1, NULL, '2015-05-26 12:30:00', '2015-05-26 14:00:00', 'Fr. Coburger', 'gr. Kosmetik', NULL, NULL, '77', '2015-05-26', 0, '2015-04-10 08:56:05'),
(646, 1, 7, NULL, NULL, '2015-04-13 15:00:00', '2015-04-13 16:00:00', 'Biermann', 'Cranio', NULL, NULL, '65', '2015-04-13', 0, '2015-04-10 09:57:51'),
(647, 1, 7, NULL, NULL, '2015-05-22 11:00:00', '2015-05-22 12:00:00', 'Dhonau', NULL, NULL, NULL, NULL, '2015-05-22', 0, '2015-04-10 09:59:52'),
(649, 4, 1, 5, NULL, '2015-04-14 15:30:00', '2015-04-14 16:00:00', 'Häusner', 'ma u. Robad', '50,- Euro Gs am 10.04. abgegeben Nr. 15/10/12/S1', NULL, NULL, '2015-04-14', 0, '2015-04-10 11:25:20'),
(650, 3, 2, 5, NULL, '2015-04-14 15:30:00', '2015-04-14 16:00:00', 'Häusner', 'Ma & Ro bad', '2. 50,- Euro Gs am 10.04. abgegeben Nr. 11/11/11/Ch1', NULL, NULL, '2015-04-14', 0, '2015-04-10 11:26:01'),
(651, 4, 5, 5, NULL, '2015-04-14 16:00:00', '2015-04-14 17:00:00', 'Häusner', 'Ro Bad', 'GS schon da, sollen den Preis nicht wissen', NULL, NULL, '2015-04-14', 0, '2015-04-10 11:26:40'),
(652, 1, 7, NULL, NULL, '2015-05-22 12:00:00', '2015-05-22 13:00:00', 'Neuland', NULL, NULL, NULL, NULL, '2015-05-22', 1, '2015-04-10 12:22:23'),
(653, 1, 7, NULL, NULL, '2015-05-15 10:00:00', '2015-05-15 11:00:00', 'Trams', NULL, NULL, NULL, NULL, '2015-05-15', 0, '2015-04-10 12:23:04'),
(655, 4, 1, 3, NULL, '2015-04-14 17:00:00', '2015-04-14 18:00:00', 'Fenske', 'Pack. / Mass.', 'Rezept', '0151 52400935', NULL, '2015-04-14', 0, '2015-04-11 08:16:36'),
(656, 4, 2, 3, NULL, '2015-04-16 17:00:00', '2015-04-16 18:00:00', 'Hr. Fenske', 'Pack. /Mass', NULL, NULL, NULL, '2015-04-16', 0, '2015-04-11 08:17:18'),
(658, 1, 7, NULL, NULL, '2015-04-14 11:30:00', '2015-04-14 12:00:00', 'Kubiak', NULL, NULL, NULL, NULL, '2015-04-14', 0, '2015-04-11 09:49:09'),
(659, 3, 1, NULL, NULL, '2015-04-14 09:30:00', '2015-04-14 14:00:00', 'Jana Glowe / Fahrzeit/ Pause', NULL, NULL, NULL, NULL, '2015-04-14', 0, '2015-04-11 10:52:16'),
(660, 4, 2, 3, NULL, '2015-04-15 16:30:00', '2015-04-15 17:00:00', 'Heike Wagner', 'Ma', NULL, NULL, NULL, '2015-04-15', 0, '2015-04-11 15:06:49'),
(661, NULL, 3, NULL, NULL, '2015-03-08 08:30:00', '2015-03-08 09:00:00', 'kunath', 'test', NULL, '1234567890', NULL, '2015-03-08', 0, '2015-04-11 19:41:06'),
(662, 1, 7, NULL, NULL, '2015-04-13 14:00:00', '2015-04-13 14:30:00', 'Anja', 'HWS', NULL, NULL, NULL, '2015-04-13', 0, '2015-04-12 12:53:50'),
(663, 2, 4, 7, NULL, '2015-04-14 15:30:00', '2015-04-14 16:30:00', 'Fr. Schmiedecke', 'Entsp. Rücken', NULL, '0163 8759145', '46', '2015-04-14', 0, '2015-04-13 06:50:07'),
(664, 3, 6, 7, NULL, '2015-04-13 09:30:00', '2015-04-13 10:00:00', 'Skrypzak', 'ABzf & Färben', NULL, NULL, NULL, '2015-04-13', 0, '2015-04-13 06:55:48'),
(665, 3, 6, NULL, NULL, '2015-04-13 10:00:00', '2015-04-13 11:00:00', 'Sylke', 'Füße', NULL, NULL, NULL, '2015-04-13', 0, '2015-04-13 06:56:25'),
(666, 3, 6, NULL, NULL, '2015-04-13 11:00:00', '2015-04-13 11:30:00', 'Fahrzeit Jana', NULL, NULL, NULL, NULL, '2015-04-13', 0, '2015-04-13 06:56:44'),
(667, 1, 7, NULL, NULL, '2015-04-14 08:30:00', '2015-04-14 10:00:00', 'Timi Arzt', NULL, NULL, NULL, NULL, '2015-04-14', 0, '2015-04-13 06:57:52'),
(668, 3, 8, 4, NULL, '2015-04-24 15:00:00', '2015-04-24 16:00:00', 'Mosebach', 'Entspannter Rücken', NULL, NULL, NULL, '2015-04-24', 0, '2015-04-13 09:06:38'),
(669, 3, 9, 4, NULL, '2015-04-24 15:00:00', '2015-04-24 16:00:00', 'Mosebach', 'Entspannter Rücken', NULL, NULL, NULL, '2015-04-24', 0, '2015-04-13 09:07:20'),
(670, 3, 4, 4, NULL, '2015-04-27 09:30:00', '2015-04-27 10:30:00', 'Schöning', 'Sanddornbad & Sanddorn Rückenmassage', NULL, NULL, NULL, '2015-04-27', 0, '2015-04-13 09:09:45'),
(671, 3, 1, 4, NULL, '2015-04-27 09:30:00', '2015-04-27 10:30:00', 'Schöning', 'GP o. RP u.RM', NULL, NULL, NULL, '2015-04-27', 0, '2015-04-13 09:10:48'),
(672, 2, 4, 4, NULL, '2015-04-28 14:00:00', '2015-04-28 15:00:00', 'Schöning', 'GM+GP', NULL, NULL, NULL, '2015-04-28', 0, '2015-04-13 09:12:12'),
(673, 2, 3, 4, NULL, '2015-04-28 14:00:00', '2015-04-28 15:00:00', 'Hr. Schöning', 'RP u. RM', NULL, NULL, NULL, '2015-04-28', 0, '2015-04-13 09:12:52'),
(676, 3, 9, 4, NULL, '2015-04-29 14:00:00', '2015-04-29 16:00:00', 'Albrecht', 'GK Peeling & Algenpackung & Fußmassage', NULL, NULL, NULL, '2015-04-29', 0, '2015-04-13 09:18:44'),
(677, 3, 8, 4, NULL, '2015-04-29 14:00:00', '2015-04-29 16:00:00', 'Albrecht', 'Hot Stone Entsäuerungsmassage & Meersalzbad', NULL, NULL, NULL, '2015-04-29', 0, '2015-04-13 09:19:10'),
(678, 3, 8, 4, NULL, '2015-04-29 13:00:00', '2015-04-29 14:00:00', 'Fr. Maßel', 'Entspannter Rücken', NULL, NULL, NULL, '2015-04-29', 0, '2015-04-13 09:20:05'),
(679, 3, 9, 4, NULL, '2015-04-29 13:00:00', '2015-04-29 14:00:00', 'Fr. Maßel', 'Entspannter Rücken', NULL, NULL, NULL, '2015-04-29', 0, '2015-04-13 09:20:36'),
(680, 4, 9, 4, NULL, '2015-04-30 17:00:00', '2015-04-30 18:00:00', 'Fam. Maßel', 'Rücken Relax', NULL, NULL, NULL, '2015-04-30', 0, '2015-04-13 09:22:07'),
(681, 4, 8, 4, NULL, '2015-04-30 17:00:00', '2015-04-30 18:00:00', 'Maßel', 'Rücken Relax', NULL, NULL, NULL, '2015-04-30', 0, '2015-04-13 09:22:45'),
(682, 3, 8, NULL, NULL, '2015-04-29 12:30:00', '2015-04-29 13:00:00', 'Pause', NULL, NULL, NULL, NULL, '2015-04-29', 0, '2015-04-13 09:25:03'),
(684, 4, 8, NULL, NULL, '2015-04-30 15:00:00', '2015-04-30 17:00:00', 'Albrecht', 'Hot Stone Entsäuerungsmassage & Meersalzbad', NULL, NULL, NULL, '2015-04-30', 0, '2015-04-13 09:26:45'),
(685, 4, 9, 4, NULL, '2015-04-30 15:00:00', '2015-04-30 17:00:00', 'Albrecht', 'GK Peeling & Algenpackung & Fußmass.', NULL, NULL, NULL, '2015-04-30', 0, '2015-04-13 09:27:43'),
(687, 3, 8, 4, NULL, '2015-05-02 13:00:00', '2015-05-02 14:00:00', 'Albrecht', 'Entspannter Rücken', NULL, NULL, NULL, '2015-05-02', 0, '2015-04-13 09:28:57'),
(688, 3, 9, 4, NULL, '2015-05-02 13:00:00', '2015-05-02 14:00:00', 'Albrecht', 'Entspannter Rücken', NULL, NULL, NULL, '2015-05-02', 0, '2015-04-13 09:29:40'),
(689, 4, 1, 4, NULL, '2015-05-05 15:00:00', '2015-05-05 16:00:00', 'Schwark', 'Entspannter Rücken', NULL, NULL, NULL, '2015-05-05', 0, '2015-04-13 09:31:25'),
(690, 4, 2, 4, NULL, '2015-05-05 15:00:00', '2015-05-05 16:00:00', 'Schwark', 'Entspannter Rücken', NULL, NULL, NULL, '2015-05-05', 0, '2015-04-13 09:31:56'),
(691, 2, 3, 4, NULL, '2015-05-05 15:00:00', '2015-05-05 16:00:00', 'Schwark', 'Entspannter Rücken', NULL, NULL, NULL, '2015-05-05', 0, '2015-04-13 09:32:41'),
(692, 4, 1, 4, NULL, '2015-05-06 15:00:00', '2015-05-06 16:00:00', 'Schwark', 'Anti Stress & Packg.', NULL, NULL, NULL, '2015-05-06', 0, '2015-04-13 09:34:03'),
(693, 4, 2, 4, NULL, '2015-05-06 15:00:00', '2015-05-06 16:00:00', 'Schwark', 'Anti Stresss & Packg.', NULL, NULL, NULL, '2015-05-06', 0, '2015-04-13 09:34:51'),
(694, 2, 3, 4, NULL, '2015-05-06 15:00:00', '2015-05-06 16:00:00', 'Schwark', 'Anti Stressmassage & Packg.', NULL, NULL, NULL, '2015-05-06', 0, '2015-04-13 09:35:41'),
(699, 4, 8, 4, NULL, '2015-05-16 15:00:00', '2015-05-16 16:00:00', 'Salm', 'Rücken Relax', NULL, NULL, NULL, '2015-05-16', 0, '2015-04-13 09:39:36'),
(700, 4, 9, 4, NULL, '2015-05-16 15:00:00', '2015-05-16 16:00:00', 'Salm', 'Rücken Relax', NULL, NULL, NULL, '2015-05-16', 0, '2015-04-13 09:40:07'),
(701, 4, 8, 4, NULL, '2015-05-16 16:00:00', '2015-05-16 17:00:00', 'Salm', 'Entspannter Rücken', NULL, NULL, NULL, '2015-05-16', 0, '2015-04-13 09:40:25'),
(702, 4, 9, 4, NULL, '2015-05-16 16:00:00', '2015-05-16 17:00:00', 'Salm', 'Entspannter Rücken', NULL, NULL, NULL, '2015-05-16', 0, '2015-04-13 09:41:16'),
(703, 4, 8, 4, NULL, '2015-04-30 18:00:00', '2015-04-30 19:00:00', 'Maßel', 'entspannter Rücken', NULL, NULL, NULL, '2015-04-30', 0, '2015-04-13 10:09:57'),
(704, NULL, 6, NULL, NULL, '2015-04-13 14:30:00', '2015-04-13 15:00:00', 'Neuland anrufen', NULL, NULL, NULL, NULL, '2015-04-13', 0, '2015-04-13 11:19:58'),
(705, 2, 4, 7, NULL, '2015-04-13 14:00:00', '2015-04-13 14:30:00', 'Gehrke', 'rücken intensiv', NULL, NULL, '53,00', '2015-04-13', 0, '2015-04-13 12:00:08'),
(706, 1, 7, 1, NULL, '2015-05-18 16:00:00', '2015-05-18 17:00:00', 'Biermann', 'Craniosacrale Therapie', NULL, NULL, '65', '2015-05-18', 0, '2015-04-13 13:53:05'),
(707, 3, 6, 7, NULL, '2015-04-23 14:00:00', '2015-04-23 15:30:00', 'Biermann', 'gr. Kosmetik', NULL, NULL, '77', '2015-04-23', 0, '2015-04-13 13:54:38'),
(708, 4, 2, 7, NULL, '2015-04-14 16:00:00', '2015-04-14 16:30:00', 'Fr. dietzmann', 'Gesichtsmass.', NULL, NULL, '27', '2015-04-14', 0, '2015-04-13 13:57:51'),
(709, 2, 3, 7, NULL, '2015-04-14 16:00:00', '2015-04-14 16:30:00', 'Hr. Dietzmann', 'Anti-Stress', NULL, NULL, '29,00', '2015-04-14', 0, '2015-04-13 13:59:06'),
(710, 1, 6, NULL, NULL, '2015-06-01 16:00:00', '2015-06-01 17:00:00', 'Fr. Hennig', 'Kosmetik', NULL, NULL, '42', '2015-06-01', 0, '2015-04-13 15:47:45'),
(711, 3, 6, 7, NULL, '2015-04-20 13:00:00', '2015-04-20 13:30:00', 'Fr. Hennig', 'kl. Fußpflege', 'Nur normale Fußpflege, keine flinken Füsse. Kommt ein paar Minuten später, weil sie erst die Sparkasse in Breege um 13.00 abschließen kann.', NULL, '25', '2015-04-20', 0, '2015-04-13 15:53:06'),
(712, NULL, 1, NULL, NULL, '2015-04-20 08:00:00', '2015-04-20 20:00:00', 'Bauarbeiten Neuland', NULL, NULL, NULL, NULL, '2015-04-20', 0, '2015-04-13 15:58:35'),
(713, NULL, 2, NULL, NULL, '2015-04-20 08:00:00', '2015-04-20 20:00:00', 'Bauarbeiten Neuland', NULL, NULL, NULL, NULL, '2015-04-20', 0, '2015-04-13 15:59:11'),
(716, 3, 8, 1, NULL, '2015-06-22 09:30:00', '2015-06-22 11:00:00', 'Buourmann', 'Große Gesichts-, Hals- und Dekolletèbehandlung', 'sind Freunde von Arne und gehen anschließend in der Ostseeperle essen. Können beide nicht ganz gerade auf dem Rücken liegen wegen Schilddrüsen OP.', '0230349296', '77', '2015-06-22', 0, '2015-04-13 16:09:30'),
(717, 3, 8, 1, NULL, '2015-06-22 11:00:00', '2015-06-22 12:00:00', 'Schütz', 'Entspanntes Lächeln', 'ev. Gm statt GL', 'zu buormann', '46', '2015-06-22', 0, '2015-04-13 16:12:09'),
(718, 3, 6, 2, NULL, '2015-04-15 10:00:00', '2015-04-15 11:30:00', 'Fr. Abeck', 'gr. Kosmetik', 'kommt evtl. 10 min später', '015735729069', '77', '2015-04-15', 0, '2015-04-14 09:12:37'),
(719, 3, 1, NULL, NULL, '2015-04-15 13:00:00', '2015-04-15 16:00:00', 'Pause /Fahrzeit Glowe', NULL, NULL, NULL, NULL, '2015-04-15', 0, '2015-04-14 10:03:10'),
(720, 3, 1, NULL, NULL, '2015-04-15 10:00:00', '2015-04-15 11:30:00', 'Jana Kosmetik', NULL, NULL, NULL, NULL, '2015-04-15', 0, '2015-04-14 10:03:28'),
(721, 3, 6, 7, NULL, '2015-04-21 09:30:00', '2015-04-21 10:00:00', 'Wiebusch', 'Augen pur', NULL, NULL, NULL, '2015-04-21', 0, '2015-04-14 11:08:25'),
(722, 4, 2, 5, NULL, '2015-04-14 15:00:00', '2015-04-14 15:30:00', 'Seitz', 'Relax Rückenmassage', 'GS Nr. 18/11/13/J1', NULL, NULL, '2015-04-14', 0, '2015-04-14 11:40:10'),
(723, 1, 7, NULL, NULL, '2015-05-19 15:00:00', '2015-05-19 16:00:00', 'Haase', NULL, NULL, NULL, NULL, '2015-05-19', 0, '2015-04-14 14:01:06'),
(724, 3, 6, 7, NULL, '2015-04-15 09:30:00', '2015-04-15 10:00:00', 'Manfraß', 'AB', NULL, NULL, '24', '2015-04-15', 0, '2015-04-14 14:03:43'),
(725, 3, 1, NULL, NULL, '2015-04-15 09:30:00', '2015-04-15 11:30:00', 'kosmetik', NULL, NULL, NULL, NULL, '2015-04-15', 0, '2015-04-14 14:04:28'),
(726, 1, 7, NULL, NULL, '2015-05-19 16:30:00', '2015-05-19 17:00:00', 'Bantow , Fr', 'HWS', NULL, NULL, NULL, '2015-05-19', 0, '2015-04-14 15:29:11'),
(728, 2, 3, 5, NULL, '2015-05-15 17:00:00', '2015-05-15 17:30:00', 'Awißus', 'Anti-Stress', NULL, NULL, NULL, '2015-05-15', 0, '2015-04-14 15:52:57'),
(729, 4, 2, 5, NULL, '2015-05-15 17:00:00', '2015-05-15 17:30:00', 'Awißs', 'Anti-Stress', NULL, NULL, NULL, '2015-05-15', 0, '2015-04-14 15:53:42'),
(730, 4, 2, 3, NULL, '2015-04-22 17:00:00', '2015-04-22 18:00:00', 'Hr Fenske', 'Rücken intensiv', NULL, NULL, NULL, '2015-04-22', 0, '2015-04-14 17:53:18'),
(731, 4, 2, 3, NULL, '2015-04-24 16:00:00', '2015-04-24 17:00:00', 'Hr Fenske', 'Rücken intensiv', NULL, NULL, NULL, '2015-04-24', 0, '2015-04-14 17:56:37'),
(732, 4, 2, 3, NULL, '2015-04-28 17:00:00', '2015-04-28 18:00:00', 'Hr Fenske', 'Rücken intensiv', NULL, NULL, NULL, '2015-04-28', 0, '2015-04-14 17:58:26'),
(734, 2, 4, 7, NULL, '2015-04-21 12:00:00', '2015-04-21 13:00:00', 'Fr. Sieger', 'GK SÖ', NULL, NULL, '55', '2015-04-21', 0, '2015-04-15 11:04:22'),
(735, 3, 6, 7, NULL, '2015-04-23 12:00:00', '2015-04-23 13:30:00', 'Fr. Sieger', 'gr. Kosmetik', NULL, NULL, '77', '2015-04-23', 0, '2015-04-15 11:06:13'),
(736, 2, 4, 6, NULL, '2015-05-16 19:00:00', '2015-05-16 20:00:00', 'Fam. Kühling', 'GK SÖ', 'Hausgäste, # 105', NULL, '55', '2015-05-16', 0, '2015-04-15 13:23:49'),
(737, 4, 2, 6, NULL, '2015-05-16 19:00:00', '2015-05-16 20:00:00', 'Fam.Kühling', 'GK Sö', 'Hausgäste, #105', NULL, '55', '2015-05-16', 0, '2015-04-15 13:24:34'),
(738, 3, 6, 6, NULL, '2015-05-15 09:30:00', '2015-05-15 10:30:00', 'Fam. Kühling', 'Flinke Füsse', 'Hausgäste, Tel. 01797087365', NULL, '52', '2015-05-15', 0, '2015-04-15 13:26:19'),
(739, 3, 6, 6, NULL, '2015-05-15 10:30:00', '2015-05-15 11:30:00', 'Fam. Kühling', 'Flinke Füsse', 'Hausgäste', NULL, '52', '2015-05-15', 0, '2015-04-15 13:26:55'),
(740, 3, 1, NULL, NULL, '2015-05-15 09:30:00', '2015-05-15 11:30:00', 'Jana Füsse', NULL, NULL, NULL, NULL, '2015-05-15', 0, '2015-04-15 13:27:37'),
(742, 4, 2, 7, NULL, '2015-04-15 17:30:00', '2015-04-15 18:00:00', 'Fam. Winter', 'Rücken indiv.', 'Dünenhaus', NULL, '30', '2015-04-15', 0, '2015-04-15 14:39:30'),
(743, 2, 4, 7, NULL, '2015-04-15 17:30:00', '2015-04-15 18:00:00', 'Fam. Winter', 'Rücken indiv.', 'Dünenhaus', NULL, '30', '2015-04-15', 0, '2015-04-15 14:40:08'),
(744, 4, 2, 3, NULL, '2015-04-22 18:00:00', '2015-04-22 18:30:00', 'Heike Wagner', 'Ma', NULL, NULL, NULL, '2015-04-22', 0, '2015-04-15 15:29:45'),
(745, 4, 2, 3, NULL, '2015-04-21 17:00:00', '2015-04-21 18:00:00', 'Hr. Fenske', 'Rücken intensiv', NULL, NULL, NULL, '2015-04-21', 0, '2015-04-15 16:12:12'),
(746, 2, 2, 6, NULL, '2015-04-16 10:30:00', '2015-04-16 11:00:00', 'Brätz', 'Gk-Basenpeeling', NULL, NULL, '29', '2015-04-16', 0, '2015-04-16 07:50:45'),
(747, 2, 4, 6, NULL, '2015-04-16 10:30:00', '2015-04-16 12:00:00', 'Brätz', 'Rg. am ganzen Körper ..', NULL, NULL, '92', '2015-04-16', 0, '2015-04-16 07:51:43'),
(748, 3, 6, 7, NULL, '2015-04-29 09:30:00', '2015-04-29 10:30:00', 'Manfraß', 'kl. Kosmetik', NULL, NULL, '52', '2015-04-29', 0, '2015-04-16 11:01:32'),
(749, 2, 3, 2, NULL, '2015-04-28 17:30:00', '2015-04-28 18:00:00', 'Fr. Schön', 'Hot Stone Rückenmassage', 'a.h.', '01791295383', '29', '2015-04-28', 0, '2015-04-16 13:49:41'),
(750, 3, 1, 7, NULL, '2015-04-17 14:00:00', '2015-04-17 15:00:00', 'Fr. Uhlemann', 'Frühlingsfrische', 'zi. 223', NULL, '55', '2015-04-17', 0, '2015-04-16 16:52:15'),
(751, 3, 1, NULL, NULL, '2015-04-29 09:30:00', '2015-04-29 10:30:00', 'Kosmetik', NULL, NULL, NULL, NULL, '2015-04-29', 0, '2015-04-17 08:25:08'),
(752, 3, 8, 4, NULL, '2015-04-29 11:30:00', '2015-04-29 12:30:00', 'Maßel', 'Rücken Relax', NULL, NULL, NULL, '2015-04-29', 0, '2015-04-17 13:37:29'),
(754, 2, 2, 7, NULL, '2015-04-30 19:00:00', '2015-04-30 19:30:00', 'Müller', 'Robad+RM', NULL, NULL, '99', '2015-04-30', 0, '2015-04-17 13:50:08'),
(755, 3, 8, 6, NULL, '2015-04-30 14:00:00', '2015-04-30 15:00:00', 'Maßel', 'kl. Kosmetik', NULL, NULL, '52', '2015-04-30', 0, '2015-04-17 13:53:55'),
(756, 3, 1, NULL, NULL, '2015-04-30 13:30:00', '2015-04-30 14:00:00', 'Fahrzeit', NULL, NULL, NULL, NULL, '2015-04-30', 0, '2015-04-17 13:54:13');
INSERT INTO `event` (`id`, `employee_id`, `location_id`, `paymentmethod_id`, `user_id`, `date_start`, `date_end`, `customer`, `info`, `extrainfo`, `telephone`, `price`, `day`, `canceled`, `create_date`) VALUES
(757, 3, 1, NULL, NULL, '2015-04-29 10:30:00', '2015-04-29 11:00:00', 'Fahrzeit', NULL, NULL, NULL, NULL, '2015-04-29', 0, '2015-04-17 13:56:09'),
(758, 2, 4, 5, NULL, '2015-04-18 15:00:00', '2015-04-18 16:00:00', 'Schröder', 'Hot-Stone-GK', 'Gs 12/01/2015/B1 40 € + Gs 14/01/11/SK3 4€+ 14€ bar', NULL, '58', '2015-04-18', 0, '2015-04-18 07:16:48'),
(759, 4, 8, 6, NULL, '2015-04-18 14:00:00', '2015-04-18 15:00:00', 'Bund', 'GK', NULL, NULL, '55', '2015-04-18', 0, '2015-04-18 07:17:25'),
(760, 3, 8, 4, NULL, '2015-05-02 14:00:00', '2015-05-02 15:00:00', 'Schachtner', 'Entspannter Rücken', NULL, '0176/38822564', NULL, '2015-05-02', 0, '2015-04-20 06:58:26'),
(761, 3, 9, 4, NULL, '2015-05-02 14:00:00', '2015-05-02 15:00:00', 'Schachtner', 'Entspannter Rücken', NULL, NULL, NULL, '2015-05-02', 0, '2015-04-20 06:59:00'),
(763, 1, 7, NULL, NULL, '2015-05-18 13:00:00', '2015-05-18 14:00:00', 'Büro', NULL, NULL, NULL, NULL, '2015-05-18', 0, '2015-04-20 07:27:21'),
(764, 1, 7, NULL, NULL, '2015-05-18 10:00:00', '2015-05-18 11:00:00', 'Wellness Rundgang', NULL, NULL, NULL, NULL, '2015-05-18', 0, '2015-04-20 07:27:53'),
(765, 1, 7, NULL, NULL, '2015-05-19 10:00:00', '2015-05-19 11:00:00', 'Fr. Herold', 'cranio', NULL, NULL, NULL, '2015-05-19', 0, '2015-04-20 07:28:57'),
(766, 1, 7, NULL, NULL, '2015-05-19 10:00:00', '2015-05-19 11:00:00', 'Fr. Herold', 'cranio', NULL, NULL, NULL, '2015-05-19', 0, '2015-04-20 07:29:11'),
(767, 1, 7, NULL, NULL, '2015-05-19 10:00:00', '2015-05-19 11:00:00', 'Fr. Herold', 'cranio', NULL, NULL, NULL, '2015-05-19', 0, '2015-04-20 07:29:50'),
(768, 1, 7, NULL, NULL, '2015-05-19 10:00:00', '2015-05-19 11:00:00', 'Fr. Herold', 'HWS', NULL, NULL, NULL, '2015-05-19', 0, '2015-04-20 07:29:52'),
(769, 1, 7, NULL, NULL, '2015-05-19 13:00:00', '2015-05-19 14:00:00', 'Büro', NULL, NULL, NULL, NULL, '2015-05-19', 0, '2015-04-20 07:30:28'),
(770, 4, 2, 3, NULL, '2015-05-22 17:00:00', '2015-05-22 18:00:00', 'Fr. Herold', 'Rü. intensiv', NULL, NULL, '53', '2015-05-22', 0, '2015-04-20 07:32:13'),
(771, 1, 7, NULL, NULL, '2015-05-26 10:30:00', '2015-05-26 11:00:00', 'Fr. Herold', 'HWS', NULL, NULL, NULL, '2015-05-26', 0, '2015-04-20 07:33:36'),
(772, 2, 4, 2, NULL, '2015-04-21 17:00:00', '2015-04-21 18:00:00', 'Dressler', 'Hot Stone Entsäuerungsmassage', NULL, '0160 / 92383855', '64', '2015-04-21', 0, '2015-04-20 07:57:06'),
(773, 2, 4, 7, NULL, '2015-05-22 17:00:00', '2015-05-22 18:00:00', 'Hr. Herold', 'Kopfschmerzmassage', NULL, NULL, '52', '2015-05-22', 0, '2015-04-20 08:05:20'),
(774, 4, 2, 3, NULL, '2015-05-29 17:00:00', '2015-05-29 17:30:00', 'Fr. Herold', 'Rücken individuell', 'ist bezahlt', NULL, '30', '2015-05-29', 0, '2015-04-20 08:06:39'),
(776, 2, 4, 2, NULL, '2015-04-20 17:00:00', '2015-04-20 18:00:00', 'Ramm', 'GK SÖ', NULL, NULL, '55', '2015-04-20', 0, '2015-04-20 09:22:34'),
(777, 2, 4, 2, NULL, '2015-04-20 18:00:00', '2015-04-20 19:00:00', 'Ramm', 'GK SÖ', NULL, NULL, '55', '2015-04-20', 0, '2015-04-20 09:23:15'),
(779, 2, 5, 4, NULL, '2015-05-09 17:00:00', '2015-05-09 17:30:00', 'Kröhnert', 'Romantikbad', NULL, NULL, NULL, '2015-05-09', 0, '2015-04-20 09:28:21'),
(780, 2, 3, 2, NULL, '2015-04-21 16:00:00', '2015-04-21 17:00:00', 'Fr. Czaja', 'Rücken Relax', NULL, NULL, '49', '2015-04-21', 0, '2015-04-20 14:32:11'),
(783, 3, 9, 1, NULL, '2015-04-24 14:30:00', '2015-04-24 15:00:00', 'Fleischer', 'FRZ', 'kann nur noch nächsten Di, 28.04. nachm.', NULL, '26', '2015-04-24', 1, '2015-04-21 09:26:05'),
(784, 3, 1, NULL, NULL, '2015-04-24 14:30:00', '2015-04-24 16:00:00', 'Glowe', NULL, NULL, NULL, NULL, '2015-04-24', 0, '2015-04-21 09:26:32'),
(785, 4, 2, NULL, NULL, '2015-04-21 17:30:00', '2015-04-21 17:30:00', 'bitte  Ma3 auspacken', NULL, NULL, NULL, NULL, '2015-04-21', 0, '2015-04-21 11:57:41'),
(787, 2, 3, 7, NULL, '2015-05-18 17:00:00', '2015-05-18 19:30:00', 'Töpfer', 'Rügen am ganzen Körper genießen', NULL, '0177 8396650', '92', '2015-05-18', 0, '2015-04-22 07:26:54'),
(788, 2, 4, 7, NULL, '2015-05-18 17:00:00', '2015-05-18 19:30:00', 'Töpfer', 'Rügen am ganzen Körper genießen', NULL, NULL, '92', '2015-05-18', 0, '2015-04-22 07:29:03'),
(789, 2, 3, 7, NULL, '2015-04-23 11:30:00', '2015-04-23 12:00:00', 'Uhlemann', 'Hot Stone Rückenmassage', NULL, '223', '29', '2015-04-23', 0, '2015-04-22 12:15:34'),
(792, 3, 1, 2, NULL, '2015-04-28 12:00:00', '2015-04-28 13:00:00', 'Borke - Henning', 'GK Hot Stone', 'aus Ostseeperle', '017622870722', '58', '2015-04-28', 0, '2015-04-22 15:50:06'),
(793, 2, 4, 2, NULL, '2015-04-28 12:00:00', '2015-04-28 13:00:00', 'Borke-Henning', 'GK Hot Stone', 'aus Ostseeperle', NULL, '58', '2015-04-28', 0, '2015-04-22 15:51:13'),
(794, 4, 8, 4, NULL, '2015-04-29 16:00:00', '2015-04-29 17:00:00', 'Borke-Henning', 'Pa Ma', NULL, NULL, NULL, '2015-04-29', 0, '2015-04-22 15:54:22'),
(795, 4, 9, 4, NULL, '2015-04-29 16:00:00', '2015-04-29 17:00:00', 'Borke-Henning', 'PaMa', NULL, NULL, NULL, '2015-04-29', 0, '2015-04-22 15:55:17'),
(796, 4, 2, 5, NULL, '2015-05-13 16:00:00', '2015-05-13 16:30:00', 'Heike Wagner', 'ma', '16/02/2015 B1', NULL, NULL, '2015-05-13', 1, '2015-04-22 17:07:00'),
(797, 4, 2, NULL, NULL, '2015-04-29 16:00:00', '2015-04-29 18:00:00', 'Doris', 'Glowe', NULL, NULL, NULL, '2015-04-29', 0, '2015-04-22 17:18:54'),
(799, 2, 4, 7, NULL, '2015-04-23 13:00:00', '2015-04-23 13:30:00', 'Fide', 'RM', NULL, NULL, '26', '2015-04-23', 0, '2015-04-23 10:29:52'),
(800, 3, 1, NULL, NULL, '2015-04-28 09:30:00', '2015-04-28 10:30:00', 'Jana Kosmetik', NULL, NULL, NULL, NULL, '2015-04-28', 0, '2015-04-24 07:49:07'),
(801, 3, 1, NULL, NULL, '2015-04-28 14:30:00', '2015-04-28 16:00:00', 'Jana Kosmetik', NULL, NULL, NULL, NULL, '2015-04-28', 0, '2015-04-24 07:49:38'),
(802, 3, 1, 2, NULL, '2015-05-16 15:00:00', '2015-05-16 15:30:00', 'Hr. Gehlhaar', 'RM + Ro.Bad', NULL, NULL, NULL, '2015-05-16', 0, '2015-04-24 15:36:37'),
(803, 2, 4, 2, NULL, '2015-05-16 15:00:00', '2015-05-16 15:30:00', 'Fr. Gehlhaar', 'RM + RoBad', 'Ma Stuhl, schwanger, O-Saft wird gebracht von  Mama, steht im kühlschrank', NULL, NULL, '2015-05-16', 0, '2015-04-24 15:38:14'),
(804, 2, 5, 2, NULL, '2015-05-16 15:30:00', '2015-05-16 16:00:00', 'Fam. Gehlhaar', 'Ro-Bad + 2 RM', '6. Ht, 2x Sekt + priv. O-Saft', NULL, '99', '2015-05-16', 0, '2015-04-24 15:39:27'),
(805, 3, 1, 2, NULL, '2015-04-27 12:30:00', '2015-04-27 15:00:00', 'Kesses', 'Samt weiche Haut + Robad', NULL, NULL, '99', '2015-04-27', 0, '2015-04-27 08:05:16'),
(806, 2, 4, 2, NULL, '2015-04-27 12:30:00', '2015-04-27 15:00:00', 'Kesses', 'Rücken intensiv 2x', NULL, NULL, '53 + 53', '2015-04-27', 0, '2015-04-27 08:06:09'),
(807, 3, 9, 7, NULL, '2015-04-27 15:30:00', '2015-04-27 16:00:00', 'Fleischer', 'FRZ', NULL, NULL, '26', '2015-04-27', 0, '2015-04-27 08:07:01'),
(808, 3, 1, NULL, NULL, '2015-04-27 15:00:00', '2015-04-27 15:30:00', 'Fahrzeit Jana', NULL, NULL, NULL, NULL, '2015-04-27', 0, '2015-04-27 08:30:20'),
(809, 2, 4, 1, NULL, '2015-04-27 19:00:00', '2015-04-27 20:00:00', 'Fr. Balzer', 'GK SÖ', NULL, NULL, '55', '2015-04-27', 0, '2015-04-27 08:33:35'),
(810, 4, 8, 7, NULL, '2015-04-30 19:00:00', '2015-04-30 20:00:00', 'Fr. Herrrkind', 'RM', '# 34   kam etwas später', NULL, NULL, '2015-04-30', 0, '2015-04-27 08:34:51'),
(811, 2, 3, 6, NULL, '2015-04-27 17:00:00', '2015-04-27 18:00:00', 'Stephanie Siegfreid', 'Rücken intensiv', NULL, NULL, '53', '2015-04-27', 0, '2015-04-27 08:38:15'),
(812, 2, 4, 6, NULL, '2015-04-27 17:00:00', '2015-04-27 18:00:00', 'Tim Meyer', 'Rücken intensiv', NULL, NULL, '53', '2015-04-27', 0, '2015-04-27 08:39:03'),
(813, 2, 5, 2, NULL, '2015-04-27 14:30:00', '2015-04-27 15:00:00', 'Fam.Kesses', 'Ro-Bad', NULL, NULL, '55', '2015-04-27', 0, '2015-04-27 08:44:03'),
(814, 2, 4, 5, NULL, '2015-05-12 17:00:00', '2015-05-12 17:30:00', 'Fr. Roff', 'Rücken indiv.', NULL, NULL, NULL, '2015-05-12', 0, '2015-04-27 09:29:19'),
(815, 2, 4, 7, NULL, '2015-05-14 17:00:00', '2015-05-14 17:30:00', 'Fr. Roff', 'Rücken indiv.', NULL, NULL, '30', '2015-05-14', 0, '2015-04-27 09:29:54'),
(816, 2, 4, 7, NULL, '2015-05-16 17:00:00', '2015-05-16 17:30:00', 'Fr. Roff', 'Rücken indiv.', NULL, NULL, '30', '2015-05-16', 0, '2015-04-27 09:30:41'),
(818, 2, 3, 2, NULL, '2015-04-27 16:00:00', '2015-04-27 17:00:00', 'Fr. March', 'Rücken intensiv', NULL, NULL, '53', '2015-04-27', 0, '2015-04-27 12:59:35'),
(819, 2, 4, 7, NULL, '2015-04-29 17:00:00', '2015-04-29 17:30:00', 'Haubold', 'RM', 'für Fr. mitbez.', '206', '26', '2015-04-29', 0, '2015-04-28 07:20:17'),
(820, NULL, 4, NULL, NULL, '2015-05-01 17:00:00', '2015-05-01 17:30:00', 'Haubold', 'rmrm', NULL, NULL, NULL, '2015-05-01', 0, '2015-04-28 07:21:11'),
(821, NULL, 4, NULL, NULL, '2015-05-01 17:00:00', '2015-05-01 17:30:00', 'Haubold', 'rmrm', NULL, NULL, NULL, '2015-05-01', 0, '2015-04-28 07:21:11'),
(822, 2, 4, 7, NULL, '2015-05-01 17:00:00', '2015-05-01 17:30:00', 'Haubold', 'RM', 'schon bezahlt!!!!', NULL, '26', '2015-05-01', 0, '2015-04-28 07:21:11'),
(823, 4, 2, 7, NULL, '2015-04-28 18:00:00', '2015-04-28 18:30:00', 'Hr. Müller', 'Rücken indiv.', 'oSTSEEPERLE - VERLEGEN', NULL, '30', '2015-04-28', 0, '2015-04-28 08:11:20'),
(825, 2, 3, 7, NULL, '2015-04-28 15:00:00', '2015-04-28 15:30:00', 'Splitter', 'RM', NULL, NULL, '26', '2015-04-28', 0, '2015-04-28 10:53:18'),
(826, 3, 6, 6, NULL, '2015-04-30 11:00:00', '2015-04-30 12:30:00', 'Astrand', 'fl. Füsse', NULL, '108', '52', '2015-04-30', 0, '2015-04-28 11:01:58'),
(827, 2, 4, 6, NULL, '2015-04-29 10:30:00', '2015-04-29 12:00:00', 'Fr. Büttner', 'Angebot Rg... + FRZ', NULL, NULL, '45 + 26', '2015-04-29', 0, '2015-04-28 13:42:53'),
(828, 4, 2, 6, NULL, '2015-04-28 19:00:00', '2015-04-28 19:30:00', 'Hr. Rieke', 'Rücken indiv.', '# 202', NULL, '30', '2015-04-28', 0, '2015-04-28 16:02:54'),
(829, 2, 4, 6, NULL, '2015-04-30 16:30:00', '2015-04-30 17:00:00', 'Machtell', 'FRZ', NULL, NULL, '26', '2015-04-30', 0, '2015-04-29 08:21:21'),
(830, 2, 4, 6, NULL, '2015-04-30 17:00:00', '2015-04-30 17:30:00', 'Glogger', 'FRZ', NULL, NULL, '26', '2015-04-30', 0, '2015-04-29 08:21:59'),
(831, 2, 4, 6, NULL, '2015-05-01 17:30:00', '2015-05-01 18:30:00', 'Hr. Machtell', 'GK', NULL, NULL, '55', '2015-05-01', 0, '2015-04-29 08:23:52'),
(832, 2, 4, 6, NULL, '2015-04-29 12:00:00', '2015-04-29 13:00:00', 'Fr. Glab', 'Angebot Rg..', '212', NULL, '45', '2015-04-29', 0, '2015-04-29 08:25:56'),
(833, 3, 6, 1, NULL, '2015-05-27 09:30:00', '2015-05-27 11:00:00', 'Manfraß', 'Kosmetik + Augen', 'nicht erschienen', NULL, '76', '2015-05-27', 1, '2015-04-29 08:32:32'),
(834, 2, 4, 6, NULL, '2015-05-01 18:30:00', '2015-05-01 19:30:00', 'Hr. Glogger', 'GK', '# 312', NULL, '55', '2015-05-01', 0, '2015-04-29 09:06:33'),
(835, 2, 3, 7, NULL, '2015-04-30 19:30:00', '2015-04-30 20:00:00', 'Fr. Beyer', 'Rücken indiv.', '# 216', NULL, '30', '2015-04-30', 0, '2015-04-29 12:47:46'),
(836, 4, 8, 4, NULL, '2015-05-01 18:30:00', '2015-05-01 19:00:00', 'Dost', 'GP o.RP', NULL, NULL, NULL, '2015-05-01', 0, '2015-04-29 15:58:11'),
(837, 4, 8, 4, NULL, '2015-05-01 19:00:00', '2015-05-01 19:30:00', 'Dost', NULL, NULL, NULL, NULL, '2015-05-01', 0, '2015-04-29 15:58:37'),
(838, 4, 2, 3, NULL, '2015-05-06 18:00:00', '2015-05-06 18:30:00', 'Sybille', 'MA', NULL, NULL, NULL, '2015-05-06', 0, '2015-04-29 17:36:47'),
(839, 4, 1, 1, NULL, '2015-05-13 18:00:00', '2015-05-13 18:30:00', 'Sybille', 'Ma', NULL, NULL, NULL, '2015-05-13', 0, '2015-04-29 17:37:46'),
(840, 4, 2, 1, NULL, '2015-05-27 19:00:00', '2015-05-27 19:30:00', 'Sybille', 'Ma', NULL, NULL, NULL, '2015-05-27', 0, '2015-04-29 17:39:08'),
(841, 3, 8, 4, NULL, '2015-05-02 15:00:00', '2015-05-02 15:30:00', 'Tietz', 'RP oder GP', NULL, NULL, NULL, '2015-05-02', 0, '2015-04-30 07:23:32'),
(842, 3, 9, 1, NULL, '2015-05-02 15:00:00', '2015-05-02 15:30:00', 'Tietz', 'RP oder GP', NULL, NULL, NULL, '2015-05-02', 0, '2015-04-30 07:23:53'),
(843, 2, 5, 4, NULL, '2015-05-16 18:30:00', '2015-05-16 18:30:00', 'Magel', 'Ro.Bad', NULL, NULL, '55', '2015-05-16', 0, '2015-04-30 12:03:42'),
(844, 2, 3, 7, NULL, '2015-05-05 12:30:00', '2015-05-05 13:00:00', 'Hr. Gehn', 'Rücken indiv,', NULL, NULL, '30', '2015-05-05', 0, '2015-04-30 13:00:01'),
(845, 3, 2, 7, NULL, '2015-05-02 18:00:00', '2015-05-02 18:30:00', 'Fr. Franke', 'RM indiv.', NULL, NULL, '30', '2015-05-02', 0, '2015-05-02 14:27:10'),
(846, 3, 6, 7, NULL, '2015-05-04 09:30:00', '2015-05-04 10:00:00', 'Schuldte', 'Augen', NULL, NULL, '30', '2015-05-04', 0, '2015-05-04 07:08:38'),
(847, 2, 3, 4, NULL, '2015-05-05 16:00:00', '2015-05-05 17:00:00', 'Braun', 'Entspannter Rücken', '# 214 SKR', NULL, NULL, '2015-05-05', 0, '2015-05-04 07:16:23'),
(848, 2, 3, 4, NULL, '2015-05-08 16:00:00', '2015-05-08 16:30:00', 'Braun', 'GP + HP', 'SKR', NULL, NULL, '2015-05-08', 0, '2015-05-04 07:17:45'),
(849, 2, 4, 4, NULL, '2015-05-08 16:00:00', '2015-05-08 17:00:00', 'Reichard', 'HP + fussmass.', 'SKR Zuz.Liste', NULL, '16 Zuz.', '2015-05-08', 0, '2015-05-04 07:19:13'),
(850, 2, 4, 4, NULL, '2015-05-05 16:00:00', '2015-05-05 17:00:00', 'Remmert', 'Entspannter Rücken', '#221 SKR', NULL, NULL, '2015-05-05', 0, '2015-05-04 07:20:53'),
(851, 4, 2, 4, NULL, '2015-05-05 16:00:00', '2015-05-05 17:00:00', 'Bischoff', 'entspannter Rücken', 'gehört auch zu SKR. Es stand nur RM auf den Wunschzettel keine Packung. Ich nehme aber an sie möchte auch beides.so isses', NULL, NULL, '2015-05-05', 0, '2015-05-04 07:24:28'),
(852, 4, 2, 4, NULL, '2015-05-08 16:00:00', '2015-05-08 16:30:00', 'Remmert', 'GP + HP', '# 223 SKR', NULL, NULL, '2015-05-08', 0, '2015-05-04 07:25:37'),
(853, 3, 6, 6, NULL, '2015-05-07 11:00:00', '2015-05-07 12:00:00', 'Brinkmann', 'entsp. Lächeln', NULL, '# 215', '46', '2015-05-07', 0, '2015-05-04 09:08:47'),
(855, 2, 4, 2, NULL, '2015-05-04 18:00:00', '2015-05-04 19:00:00', 'Nasemann', 'GK Massage SÖ', NULL, NULL, '55', '2015-05-04', 0, '2015-05-04 09:12:17'),
(856, 4, 1, 4, NULL, '2015-05-08 16:00:00', '2015-05-08 17:00:00', 'Bischoff', 'HP + Fussmass.', '# 220 SKR Zuz. Liste', NULL, '16 Zuz.', '2015-05-08', 0, '2015-05-04 09:29:25'),
(858, 2, 3, 4, NULL, '2015-05-06 17:00:00', '2015-05-06 18:00:00', 'Reichard', 'Entspannter Rücken', '# 220 SKR', NULL, NULL, '2015-05-06', 0, '2015-05-04 09:32:47'),
(859, 3, 6, 7, NULL, '2015-05-12 10:30:00', '2015-05-12 12:00:00', 'Küster', 'gr. Kosmetik', NULL, NULL, '77', '2015-05-12', 0, '2015-05-04 09:57:28'),
(860, 3, 1, NULL, NULL, '2015-05-12 10:30:00', '2015-05-12 12:00:00', 'Kosmetik', NULL, NULL, NULL, NULL, '2015-05-12', 0, '2015-05-04 10:52:55'),
(861, 3, 1, NULL, NULL, '2015-05-12 13:30:00', '2015-05-12 15:00:00', 'Kosmetik', NULL, NULL, NULL, NULL, '2015-05-12', 0, '2015-05-04 10:53:39'),
(862, 3, 1, 4, NULL, '2015-05-16 10:00:00', '2015-05-16 11:00:00', 'Volke', 'Pa + Ma', NULL, NULL, NULL, '2015-05-16', 0, '2015-05-04 11:21:19'),
(863, 3, 2, 4, NULL, '2015-05-16 10:00:00', '2015-05-16 11:00:00', 'Volke', 'Ma + Pa', NULL, NULL, NULL, '2015-05-16', 0, '2015-05-04 11:21:48'),
(864, 4, 6, 7, NULL, '2015-05-05 17:00:00', '2015-05-05 19:00:00', 'Börner', 'gr. Kosmetik', 'Kommt aus Glowe. Will nur heute und nur abends.', NULL, '77', '2015-05-05', 0, '2015-05-05 08:45:38'),
(865, 4, 1, NULL, NULL, '2015-05-05 17:00:00', '2015-05-05 19:00:00', 'Kosmetik', NULL, NULL, NULL, NULL, '2015-05-05', 0, '2015-05-05 08:46:00'),
(866, 3, 6, 7, NULL, '2015-05-05 11:00:00', '2015-05-05 12:00:00', 'Unkart', 'kl. Kosmetik+ Wimpern', NULL, NULL, '64', '2015-05-05', 0, '2015-05-05 08:57:56'),
(867, 3, 6, 1, NULL, '2015-06-04 09:30:00', '2015-06-04 10:30:00', 'Schwuchow', 'strahlende Augen', NULL, NULL, '57', '2015-06-04', 0, '2015-05-05 10:24:35'),
(868, 3, 1, NULL, NULL, '2015-06-04 09:30:00', '2015-06-04 10:30:00', 'Jana Kosmetik', NULL, NULL, NULL, NULL, '2015-06-04', 0, '2015-05-05 10:25:22'),
(871, 3, 6, NULL, NULL, '2015-05-06 12:00:00', '2015-05-06 13:00:00', 'Bea', 'Füsse', NULL, NULL, NULL, '2015-05-06', 0, '2015-05-05 10:58:53'),
(872, 3, 1, NULL, NULL, '2015-05-06 09:30:00', '2015-05-06 11:00:00', 'Kosmetik', NULL, NULL, NULL, NULL, '2015-05-06', 0, '2015-05-05 10:59:19'),
(873, 3, 1, NULL, NULL, '2015-05-06 12:00:00', '2015-05-06 13:00:00', 'Kosmetik', NULL, NULL, NULL, NULL, '2015-05-06', 0, '2015-05-05 10:59:41'),
(874, 2, 4, NULL, NULL, '2015-05-06 12:00:00', '2015-05-06 13:00:00', 'Bea', 'Füsse', NULL, NULL, NULL, '2015-05-06', 0, '2015-05-05 11:00:50'),
(875, 2, 4, 5, NULL, '2015-05-12 12:30:00', '2015-05-12 13:00:00', 'Hr. Gehn', 'Rücken indiv.', 'neuer Termin', NULL, '30', '2015-05-12', 1, '2015-05-05 11:06:26'),
(876, 3, 6, 1, NULL, '2015-05-06 14:00:00', '2015-05-06 15:00:00', 'Fr.Schröder', 'kl. Kosmetik', NULL, NULL, '52', '2015-05-06', 0, '2015-05-05 12:49:31'),
(877, 3, 6, 6, NULL, '2015-05-07 12:00:00', '2015-05-07 13:00:00', 'Fr.Schwark', 'strahlende Augen', NULL, NULL, '57', '2015-05-07', 0, '2015-05-05 12:50:50'),
(878, 3, 1, NULL, NULL, '2015-05-06 14:00:00', '2015-05-06 15:00:00', 'Kosmetik', NULL, NULL, NULL, NULL, '2015-05-06', 0, '2015-05-05 13:35:40'),
(879, 3, 1, NULL, NULL, '2015-05-07 11:00:00', '2015-05-07 13:00:00', 'Kosmetik', NULL, NULL, NULL, NULL, '2015-05-07', 0, '2015-05-05 13:36:12'),
(880, 3, 1, 6, NULL, '2015-05-06 11:00:00', '2015-05-06 11:30:00', 'Kanzler', 'RM', NULL, '203', '26', '2015-05-06', 0, '2015-05-06 09:34:33'),
(881, 4, 1, 6, NULL, '2015-05-07 19:00:00', '2015-05-07 19:30:00', 'Kanzler', 'RM', NULL, '203', '26', '2015-05-07', 0, '2015-05-06 09:39:08'),
(883, 4, 8, 4, NULL, '2015-05-13 15:00:00', '2015-05-13 15:30:00', 'Harders', 'RP oder GP', NULL, NULL, NULL, '2015-05-13', 0, '2015-05-06 14:54:41'),
(884, 4, 9, 4, NULL, '2015-05-13 15:00:00', '2015-05-13 15:30:00', 'Harders', 'GP oder RP', NULL, NULL, NULL, '2015-05-13', 0, '2015-05-06 14:55:19'),
(886, 3, 8, 7, NULL, '2015-05-08 15:00:00', '2015-05-08 16:00:00', 'Rauche', 'Entspannter Rücken', NULL, NULL, '46', '2015-05-08', 0, '2015-05-07 07:52:05'),
(887, 3, 2, 6, NULL, '2015-05-08 11:30:00', '2015-05-08 12:30:00', 'Müller', 'RM', NULL, '307', '26', '2015-05-08', 0, '2015-05-07 09:18:50'),
(888, 3, 1, NULL, NULL, '2015-05-08 14:30:00', '2015-05-08 15:00:00', 'Fahrzeit', NULL, NULL, NULL, NULL, '2015-05-08', 0, '2015-05-07 09:19:36'),
(889, 2, 4, 6, NULL, '2015-05-15 17:00:00', '2015-05-15 18:00:00', 'Brinkmann', 'Frühlingfrische', 'verschoben von 11.30', '015735729069', '55', '2015-05-15', 0, '2015-05-07 10:27:15'),
(890, 3, 1, 6, NULL, '2015-05-07 13:00:00', '2015-05-07 14:00:00', 'Müller', 'Rügen entspannt genießen', NULL, '307', '45', '2015-05-07', 0, '2015-05-07 10:30:13'),
(891, 3, 1, NULL, NULL, '2015-05-15 12:30:00', '2015-05-15 13:00:00', 'Pause', NULL, NULL, NULL, NULL, '2015-05-15', 0, '2015-05-07 10:44:40'),
(896, 4, 8, 4, NULL, '2015-05-19 17:30:00', '2015-05-19 18:00:00', 'Görlitz', 'GP oder RP', NULL, NULL, NULL, '2015-05-19', 0, '2015-05-07 11:35:41'),
(897, 4, 9, 4, NULL, '2015-05-19 17:30:00', '2015-05-19 18:00:00', 'Görlitz', 'GP oder RP', NULL, NULL, NULL, '2015-05-19', 0, '2015-05-07 11:36:05'),
(898, 4, 8, NULL, NULL, '2015-05-13 15:30:00', '2015-05-13 16:00:00', 'Doris Fahrzeit', NULL, NULL, NULL, NULL, '2015-05-13', 0, '2015-05-07 17:40:40'),
(899, 3, 8, 7, NULL, '2015-05-27 14:00:00', '2015-05-27 15:00:00', 'Steinle', 'GK Massage', NULL, NULL, '55', '2015-05-27', 0, '2015-05-08 08:50:25'),
(900, 1, 7, 1, NULL, '2015-05-28 15:00:00', '2015-05-28 16:00:00', 'Steinle', 'Canio', 'Abholung 14.45 Uhr aus Glowe', NULL, '65', '2015-05-28', 0, '2015-05-08 08:52:00'),
(901, 3, 8, 1, NULL, '2015-05-29 15:00:00', '2015-05-29 16:00:00', 'Steinl', 'Ges.+ Hd. FM + Massage', NULL, NULL, '52', '2015-05-29', 0, '2015-05-08 08:53:21'),
(902, 1, 7, 1, NULL, '2015-06-01 15:00:00', '2015-06-01 16:00:00', 'Steinle', 'Cranio', 'Abholung 14.45 Uhr aus Glowe', NULL, '65', '2015-06-01', 0, '2015-05-08 08:54:54'),
(903, 3, 1, NULL, NULL, '2015-05-27 09:30:00', '2015-05-27 11:00:00', 'Kosmetik', NULL, NULL, NULL, NULL, '2015-05-27', 0, '2015-05-08 08:56:07'),
(904, 3, 1, NULL, NULL, '2015-05-27 13:30:00', '2015-05-27 14:00:00', 'Fahrzeit', NULL, NULL, NULL, NULL, '2015-05-27', 0, '2015-05-08 08:56:34'),
(905, 3, 1, NULL, NULL, '2015-05-29 14:30:00', '2015-05-29 16:00:00', 'Fahrzeit + Glowe', NULL, NULL, NULL, NULL, '2015-05-29', 0, '2015-05-08 08:58:41'),
(906, 1, 7, NULL, NULL, '2015-05-26 08:00:00', '2015-05-26 08:30:00', 'Anreise Fr. Steinle in Glowe', NULL, 'Abholung klären aus Glowe hat Termin am 27.05., 15.00 Uhr', NULL, NULL, '2015-05-26', 0, '2015-05-08 09:02:55'),
(908, 4, 2, 2, NULL, '2015-05-09 17:00:00', '2015-05-09 18:00:00', 'Hr. Otto', 'Kopfschmerzmassage', NULL, NULL, '52', '2015-05-09', 0, '2015-05-08 12:55:32'),
(909, 2, 4, 2, NULL, '2015-05-09 17:00:00', '2015-05-09 18:00:00', 'Fr, Otto', 'Rücken entspannt geniessen', NULL, NULL, '45', '2015-05-09', 0, '2015-05-08 12:56:40'),
(910, 1, 7, NULL, NULL, '2015-05-25 10:00:00', '2015-05-25 11:00:00', 'Wellnessrundgang', NULL, NULL, NULL, NULL, '2015-05-25', 0, '2015-05-09 07:49:08'),
(911, 2, 4, 6, NULL, '2015-05-09 14:00:00', '2015-05-09 14:30:00', 'Fr. Remmert', 'Gesichtsmssage', NULL, NULL, '27', '2015-05-09', 0, '2015-05-09 08:00:38'),
(912, 2, 4, 6, NULL, '2015-05-09 13:30:00', '2015-05-09 14:00:00', 'Hr. Kadlec', 'Rücken indiv.', NULL, NULL, '30', '2015-05-09', 0, '2015-05-09 11:55:36'),
(913, 4, 2, 6, NULL, '2015-05-09 18:00:00', '2015-05-09 19:00:00', 'Ahlheim', 'Frühlingsfrische', NULL, NULL, '55', '2015-05-09', 0, '2015-05-09 14:18:27'),
(914, 4, 1, 6, NULL, '2015-05-09 18:00:00', '2015-05-09 19:00:00', 'Ahlheim', 'Frühlingsfrische', NULL, NULL, '55', '2015-05-09', 0, '2015-05-09 14:20:28'),
(915, 4, 2, 7, NULL, '2015-05-09 16:30:00', '2015-05-09 17:00:00', 'frau', 'RM', NULL, NULL, '26', '2015-05-09', 0, '2015-05-09 14:33:55'),
(916, 4, 8, 4, NULL, '2015-05-19 18:00:00', '2015-05-19 19:00:00', 'Salm', 'Rücken Relax', NULL, NULL, NULL, '2015-05-19', 0, '2015-05-11 07:52:59'),
(917, 4, 9, 4, NULL, '2015-05-19 18:00:00', '2015-05-19 19:00:00', 'Salm', 'Rücken Relax', NULL, NULL, NULL, '2015-05-19', 0, '2015-05-11 07:54:00'),
(918, 4, 8, 4, NULL, '2015-05-19 19:00:00', '2015-05-19 20:00:00', 'Salm', 'Entspannter Rücken', NULL, NULL, NULL, '2015-05-19', 0, '2015-05-11 07:54:53'),
(919, 4, 9, 4, NULL, '2015-05-19 19:00:00', '2015-05-19 20:00:00', 'Salm', 'Entspannter Rücken', NULL, NULL, NULL, '2015-05-19', 0, '2015-05-11 07:55:18'),
(924, 4, 1, 2, NULL, '2015-05-12 17:00:00', '2015-05-12 18:00:00', 'Gerhard', 'Rücken intensiv', NULL, NULL, '53', '2015-05-12', 0, '2015-05-11 08:05:01'),
(925, 4, 2, 2, NULL, '2015-05-12 17:00:00', '2015-05-12 18:00:00', 'Gerhard', 'Rücken intensiv', NULL, NULL, '53', '2015-05-12', 0, '2015-05-11 08:09:55'),
(926, 2, 4, 7, NULL, '2015-05-14 17:30:00', '2015-05-14 20:00:00', 'Fr. Anna Lepke', 'Rg. am ganzen Körper +  entsp. Lächeln', NULL, NULL, '92 + 46', '2015-05-14', 0, '2015-05-11 10:30:22'),
(927, 3, 6, 7, NULL, '2015-05-15 13:00:00', '2015-05-15 14:00:00', 'Fr. Anna Lepke', 'Flinke Füsse', NULL, NULL, '52', '2015-05-15', 0, '2015-05-11 10:32:42'),
(928, 3, 1, NULL, NULL, '2015-05-15 13:00:00', '2015-05-15 14:00:00', 'Jana Füsse', NULL, NULL, NULL, NULL, '2015-05-15', 0, '2015-05-11 10:33:18'),
(929, 1, 7, 3, NULL, '2015-05-15 11:00:00', '2015-05-15 12:00:00', 'Fr. Lukas', NULL, 'nächste Wo. Di + Do, falls möglich', NULL, NULL, '2015-05-15', 0, '2015-05-11 12:54:10'),
(930, 4, 2, NULL, NULL, '2015-05-13 15:00:00', '2015-05-13 16:00:00', 'Doris Glowe', NULL, NULL, NULL, NULL, '2015-05-13', 0, '2015-05-11 13:48:56'),
(932, 2, 6, 1, NULL, '2015-05-12 15:00:00', '2015-05-12 16:00:00', 'Fr. Keiser', 'kl Kosmetik', NULL, NULL, NULL, '2015-05-12', 0, '2015-05-11 14:25:23'),
(933, 3, 6, 7, NULL, '2015-05-12 15:00:00', '2015-05-12 16:00:00', 'Fr. Keiser', 'Meeresbrise', '# 309', NULL, '57', '2015-05-12', 0, '2015-05-11 14:26:13'),
(937, 3, 1, NULL, NULL, '2015-05-12 15:00:00', '2015-05-12 16:00:00', 'Kosmetik', NULL, NULL, NULL, NULL, '2015-05-12', 0, '2015-05-11 14:32:00'),
(938, 4, 2, 2, NULL, '2015-05-13 17:30:00', '2015-05-13 18:30:00', 'Feig', 'Rügen entspannt genießen', '# 108', NULL, '45', '2015-05-13', 0, '2015-05-12 07:26:38'),
(939, 2, 4, 6, NULL, '2015-05-13 16:30:00', '2015-05-13 17:30:00', 'Haverland', 'Hot Stone Kombination', 'waren nur mit 30 min eingetragen', NULL, '58', '2015-05-13', 0, '2015-05-12 07:42:46'),
(940, 4, 2, 6, NULL, '2015-05-13 16:30:00', '2015-05-13 17:30:00', 'Haverland', 'Hot Stone Ganzkörpermassage', 'WAREN NUR MIT 30 MIN eingetragen', '# 306', '58', '2015-05-13', 0, '2015-05-12 07:43:38'),
(941, 4, 8, 1, NULL, '2015-05-28 18:00:00', '2015-05-28 19:30:00', 'Wallmeier', 'Massagetraum', NULL, NULL, '85', '2015-05-28', 0, '2015-05-12 07:47:05'),
(942, 2, 4, 7, NULL, '2015-05-13 17:30:00', '2015-05-13 18:30:00', 'Feig', 'Ganzkörper-Peelingmassage', NULL, NULL, '59', '2015-05-13', 0, '2015-05-12 08:04:33'),
(943, 4, 6, 2, NULL, '2015-05-15 17:30:00', '2015-05-15 18:30:00', 'Feig', 'Beauty vor man', 'schon bezahlt', NULL, '55', '2015-05-15', 0, '2015-05-12 08:06:24'),
(944, 4, 6, 7, NULL, '2015-05-15 18:30:00', '2015-05-15 19:30:00', 'Feig', 'Beauty for man', NULL, NULL, '55', '2015-05-15', 0, '2015-05-12 08:08:04'),
(945, 4, 2, NULL, NULL, '2015-05-15 17:30:00', '2015-05-15 19:30:00', 'kosmetik', NULL, NULL, NULL, NULL, '2015-05-15', 0, '2015-05-12 08:09:10'),
(946, 2, 4, 2, NULL, '2015-05-12 13:00:00', '2015-05-12 13:30:00', 'Schenzle', 'FRZ', NULL, NULL, '26', '2015-05-12', 0, '2015-05-12 08:25:50'),
(947, 1, 7, NULL, NULL, '2015-05-29 10:00:00', '2015-05-29 10:30:00', 'Beerdigung', NULL, NULL, NULL, NULL, '2015-05-29', 0, '2015-05-12 09:37:25'),
(948, 1, 7, NULL, NULL, '2015-05-27 10:30:00', '2015-05-27 12:30:00', 'Bergen Gyn.', NULL, NULL, NULL, NULL, '2015-05-27', 0, '2015-05-12 09:46:24'),
(949, 1, 7, NULL, NULL, '2015-06-01 12:00:00', '2015-06-01 13:00:00', 'neuland', NULL, NULL, NULL, NULL, '2015-06-01', 0, '2015-05-12 09:49:32'),
(950, 1, 7, NULL, NULL, '2015-06-01 10:00:00', '2015-06-01 11:00:00', 'Wellnessrundgang', NULL, NULL, NULL, NULL, '2015-06-01', 0, '2015-05-12 09:50:18'),
(951, 1, 7, NULL, NULL, '2015-06-01 13:00:00', '2015-06-01 14:00:00', 'Büro', NULL, NULL, NULL, NULL, '2015-06-01', 0, '2015-05-12 09:52:38'),
(952, 2, 4, 2, NULL, '2015-05-12 14:00:00', '2015-05-12 15:00:00', 'fr.', 'Rücken intensiv', NULL, NULL, '53', '2015-05-12', 0, '2015-05-12 10:29:51'),
(953, 2, 4, 2, NULL, '2015-05-12 15:00:00', '2015-05-12 16:00:00', 'Freundin', 'Rücken indiv. + Antistress', NULL, NULL, '30 + 29', '2015-05-12', 0, '2015-05-12 10:30:52'),
(954, 3, 6, 7, NULL, '2015-05-15 14:00:00', '2015-05-15 15:00:00', 'Fr. Winzig?', 'kl. Kosmetik', NULL, NULL, '52', '2015-05-15', 0, '2015-05-12 10:32:03'),
(955, 3, 1, NULL, NULL, '2015-05-15 14:00:00', '2015-05-15 16:00:00', 'Kosmetik', NULL, NULL, NULL, NULL, '2015-05-15', 0, '2015-05-12 10:32:34'),
(956, 2, 4, 2, NULL, '2015-05-15 14:00:00', '2015-05-15 15:00:00', 'Schwester v. r. Winzig', 'Rücken intensiv', NULL, NULL, '53', '2015-05-15', 0, '2015-05-12 10:33:51'),
(957, 2, 4, 2, NULL, '2015-05-13 10:00:00', '2015-05-13 11:00:00', 'Fr. Schenzle', 'Rg. entspannt ...Angb.', NULL, NULL, '45', '2015-05-13', 0, '2015-05-12 11:34:41'),
(958, 1, 6, NULL, NULL, '2015-06-16 13:30:00', '2015-06-16 15:00:00', 'Matz', 'gr. Kosmetik', NULL, NULL, NULL, '2015-06-16', 0, '2015-05-12 12:50:42'),
(959, 2, 4, 7, NULL, '2015-05-12 16:00:00', '2015-05-12 17:00:00', 'Fr. Büsing', 'Rg. entsp. Angeb', NULL, NULL, '45', '2015-05-12', 0, '2015-05-12 12:52:56'),
(960, 2, 3, 7, NULL, '2015-05-12 16:00:00', '2015-05-12 17:00:00', 'Fr. Blome', 'Rg. entsp. gen Ang', NULL, NULL, '45', '2015-05-12', 0, '2015-05-12 12:54:42'),
(961, 2, 3, 7, NULL, '2015-05-12 17:30:00', '2015-05-12 18:30:00', 'Fr. Broptschi', 'Gk HKP', NULL, NULL, '48', '2015-05-12', 0, '2015-05-12 12:56:23'),
(962, 2, 4, 2, NULL, '2015-05-12 17:30:00', '2015-05-12 18:30:00', 'Fr. Simon', 'HKP GK', NULL, NULL, '48', '2015-05-12', 0, '2015-05-12 12:57:54'),
(963, 3, 6, 7, NULL, '2015-05-13 17:30:00', '2015-05-13 18:30:00', 'Keiser', 'flinke Füsse', NULL, NULL, '52', '2015-05-13', 0, '2015-05-12 12:59:33'),
(964, 4, 2, 2, NULL, '2015-05-14 16:00:00', '2015-05-14 18:00:00', 'Schurig', 'Samtweiche Haut   (Cremepackg. & Peelingmassage)', NULL, '015164164779', '99', '2015-05-14', 0, '2015-05-12 14:07:40'),
(965, 2, 3, 2, NULL, '2015-05-14 16:00:00', '2015-05-14 18:00:00', 'Schurig', 'Samtweiche Haut  (Peelingmassage+Cremepa)', NULL, NULL, '99', '2015-05-14', 0, '2015-05-12 14:08:52'),
(966, 1, 6, 1, NULL, '2015-05-14 10:30:00', '2015-05-14 12:00:00', 'Fr. glasner', 'gr. kosmetik', NULL, NULL, '77', '2015-05-14', 0, '2015-05-12 15:04:54'),
(967, 2, 4, 2, NULL, '2015-05-15 11:30:00', '2015-05-15 12:00:00', 'Glasner', 'Hot Stone Rückenmassage', 'ist bezahlt am 14.05 per EC', NULL, '29', '2015-05-15', 0, '2015-05-12 15:06:18'),
(968, 1, 7, 1, NULL, '2015-05-14 12:00:00', '2015-05-14 13:00:00', 'Fr. Ahrens', 'Osteopathie', NULL, NULL, '80', '2015-05-14', 0, '2015-05-13 08:55:59'),
(969, 1, 6, NULL, NULL, '2015-05-14 13:00:00', '2015-05-14 13:30:00', 'Fr. Ahrens', 'Augen pur', NULL, NULL, '30', '2015-05-14', 0, '2015-05-13 08:56:38'),
(970, 2, 4, 7, NULL, '2015-05-14 12:00:00', '2015-05-14 14:00:00', 'Fr. Landwehr', 'gr. Entschlackungsprogramm', NULL, NULL, '99', '2015-05-14', 0, '2015-05-13 08:57:23'),
(971, 1, 6, NULL, NULL, '2015-05-14 13:30:00', '2015-05-14 14:00:00', 'Pause', NULL, NULL, NULL, NULL, '2015-05-14', 0, '2015-05-13 09:01:08'),
(972, 4, 2, 4, NULL, '2015-05-22 16:30:00', '2015-05-22 17:00:00', 'Krüger', 'Relax RM', NULL, NULL, NULL, '2015-05-22', 0, '2015-05-13 09:33:45'),
(973, 2, 4, 4, NULL, '2015-05-22 16:30:00', '2015-05-22 17:00:00', 'Krüger', 'Relax Rückenmassage', NULL, NULL, NULL, '2015-05-22', 0, '2015-05-13 09:34:20'),
(974, 3, 9, 4, NULL, '2015-05-22 09:30:00', '2015-05-22 10:00:00', 'Harms', 'Pckg.', NULL, NULL, NULL, '2015-05-22', 0, '2015-05-13 09:35:11'),
(975, 3, 8, 4, NULL, '2015-05-22 09:30:00', '2015-05-22 10:00:00', 'Harms', 'Packg.', NULL, NULL, NULL, '2015-05-22', 0, '2015-05-13 09:35:38'),
(978, 2, 8, 4, NULL, '2015-05-25 10:00:00', '2015-05-25 11:00:00', 'Behrendt', 'Entsp. Rücken', NULL, NULL, NULL, '2015-05-25', 0, '2015-05-13 09:40:51'),
(979, 2, 9, 4, NULL, '2015-05-25 10:00:00', '2015-05-25 11:00:00', 'Behrendt', 'Entspannter Rücken', NULL, NULL, NULL, '2015-05-25', 0, '2015-05-13 09:41:29'),
(980, 3, 6, 7, NULL, '2015-05-15 15:00:00', '2015-05-15 16:00:00', 'Fr. Dankert', 'flinke Füsse', 'extern', NULL, '52', '2015-05-15', 0, '2015-05-13 09:50:07'),
(981, 3, 9, NULL, NULL, '2015-05-24 09:30:00', '2015-05-24 11:30:00', 'Wondrak', 'Ma & gr. Kosmetik', 'gebucht unter Koch', NULL, NULL, '2015-05-24', 0, '2015-05-13 09:58:16'),
(982, 3, 9, 1, NULL, '2015-05-24 11:30:00', '2015-05-24 13:30:00', 'Wondrak', 'Ma & gr. Kosmetik', NULL, NULL, NULL, '2015-05-24', 0, '2015-05-13 09:59:17'),
(983, 3, 9, NULL, NULL, '2015-05-24 13:30:00', '2015-05-24 14:00:00', 'Pause', NULL, NULL, NULL, NULL, '2015-05-24', 0, '2015-05-13 09:59:31'),
(984, 3, 9, 1, NULL, '2015-05-24 14:00:00', '2015-05-24 16:00:00', 'Wondrak', 'Ma & gr. Kosmetik', NULL, NULL, NULL, '2015-05-24', 0, '2015-05-13 10:00:11'),
(985, 3, 1, 4, NULL, '2015-05-26 14:00:00', '2015-05-26 16:00:00', 'Kerstin Benecke', 'Rügen am ganzen Körper genießen', NULL, NULL, NULL, '2015-05-26', 0, '2015-05-13 10:05:29'),
(986, 3, 2, 4, NULL, '2015-05-26 14:00:00', '2015-05-26 14:30:00', 'Benecke Renate', 'Relax Rückenmassage', NULL, NULL, NULL, '2015-05-26', 0, '2015-05-13 10:06:00'),
(987, 2, 4, 4, NULL, '2015-05-26 14:00:00', '2015-05-26 15:30:00', 'Benecke Klaus', 'Massagetraum', NULL, NULL, NULL, '2015-05-26', 0, '2015-05-13 10:06:58'),
(988, 3, 1, NULL, NULL, '2015-05-28 09:30:00', '2015-05-28 10:00:00', 'Benecke Renate', 'RM- Arr.', NULL, NULL, NULL, '2015-05-28', 0, '2015-05-13 10:08:21'),
(989, 3, 1, NULL, NULL, '2015-05-28 10:00:00', '2015-05-28 10:30:00', 'Benecke Kerstin', 'RM- Arr.', NULL, NULL, NULL, '2015-05-28', 0, '2015-05-13 10:08:58'),
(990, 1, 7, 1, NULL, '2015-05-14 14:00:00', '2015-05-14 15:00:00', 'Reinhold', 'Manuelle Lymphdrainage', NULL, NULL, NULL, '2015-05-14', 0, '2015-05-13 10:35:17'),
(991, 3, 6, 1, NULL, '2015-05-28 10:30:00', '2015-05-28 11:30:00', 'Hr. Benecke', 'flinke Füsse', 'zusätzl. tel. nachgebucht', NULL, '52', '2015-05-28', 0, '2015-05-13 13:28:54'),
(992, 3, 1, NULL, NULL, '2015-05-28 10:30:00', '2015-05-28 11:30:00', 'Füsse', NULL, NULL, NULL, NULL, '2015-05-28', 0, '2015-05-13 13:29:14'),
(993, 2, 4, 6, NULL, '2015-05-16 16:00:00', '2015-05-16 16:30:00', 'Hr. Margel', 'RM', NULL, NULL, '26', '2015-05-16', 0, '2015-05-13 15:21:34'),
(994, 2, 4, 6, NULL, '2015-05-15 10:30:00', '2015-05-15 11:30:00', 'Fr. Haverland', 'Frühlingsfrische', NULL, NULL, '55', '2015-05-15', 0, '2015-05-13 15:27:44'),
(995, 4, 2, 7, NULL, '2015-05-14 18:00:00', '2015-05-14 18:30:00', 'Brüggen', 'Rücken individuell', NULL, NULL, '30', '2015-05-14', 0, '2015-05-14 07:34:56'),
(996, 3, 1, NULL, NULL, '2015-06-08 09:30:00', '2015-06-08 10:00:00', 'Elschner', 'Anti Stressmassage', NULL, NULL, '29', '2015-06-08', 0, '2015-05-14 07:55:10'),
(997, 3, 1, 4, NULL, '2015-06-08 10:00:00', '2015-06-08 10:30:00', 'Elschner', 'Anti Stressmassage', 'über Fr. Lalka fest gebucht', NULL, '29', '2015-06-08', 0, '2015-05-14 07:56:19'),
(998, 2, 3, 2, NULL, '2015-05-14 14:00:00', '2015-05-14 16:00:00', 'Fr. Dreger', 'GK Kreidep & GK Sanddornölmass.', 'Gehört zu Herr Krüger', NULL, '92', '2015-05-14', 0, '2015-05-14 09:05:16'),
(999, 2, 2, NULL, NULL, '2015-05-14 14:00:00', '2015-05-14 15:00:00', 'Krüger', 'GK Kreidepackg', 'Hat Rügens Natur. 92,-€/ Bea legt in die Packg. bei Doris die GK Massage.\r\nNicht abkassieren/ Setze ich mit auf die HP Rechnung am Sonnabend', NULL, NULL, '2015-05-14', 0, '2015-05-14 09:05:43'),
(1001, 1, 7, NULL, NULL, '2015-05-16 10:00:00', '2015-05-16 11:00:00', 'Krüger', 'Beratung', NULL, NULL, NULL, '2015-05-16', 0, '2015-05-14 09:09:12'),
(1002, 4, 2, NULL, NULL, '2015-05-14 15:00:00', '2015-05-14 16:00:00', 'Krüger', 'GK Sanddornölmassage', 'siehe bei Krüger 14.00 Uhr', NULL, NULL, '2015-05-14', 0, '2015-05-14 09:40:10'),
(1003, 4, 9, 7, NULL, '2015-05-16 17:00:00', '2015-05-16 18:30:00', 'Hr. Schulz', 'Massagetraum', 'extern', NULL, '85', '2015-05-16', 0, '2015-05-14 10:55:49'),
(1005, 4, 1, 7, NULL, '2015-05-14 16:00:00', '2015-05-14 17:00:00', 'Miriam', 'Entspanntes Lächeln', NULL, NULL, '46', '2015-05-14', 0, '2015-05-14 11:21:23'),
(1006, 4, 9, NULL, NULL, '2015-05-16 18:30:00', '2015-05-16 19:00:00', 'Doris Fahrzeit', NULL, NULL, NULL, NULL, '2015-05-16', 0, '2015-05-14 12:41:42'),
(1007, 4, 2, NULL, NULL, '2015-05-16 18:30:00', '2015-05-16 19:00:00', 'Doris Fahrzeit', NULL, NULL, NULL, NULL, '2015-05-16', 0, '2015-05-14 12:43:36'),
(1008, 3, 1, 2, NULL, '2015-05-15 11:30:00', '2015-05-15 12:30:00', 'Zander', 'Angeb Rüg entsp. gen  + Gl', 'in der Pa  eine Gesichtsmassage   muss um 12.30 fertig sein', NULL, '45+26', '2015-05-15', 0, '2015-05-14 14:56:14'),
(1009, 2, 3, 6, NULL, '2015-05-15 12:00:00', '2015-05-15 13:00:00', 'Boell', 'Angeb Rügen entsp. gen', 'zi. 106', NULL, '45', '2015-05-15', 0, '2015-05-14 16:54:56'),
(1010, 2, 4, 6, NULL, '2015-05-15 12:00:00', '2015-05-15 13:00:00', 'Boell', 'Rü int', NULL, NULL, '53', '2015-05-15', 0, '2015-05-14 16:57:17'),
(1011, 4, 2, 5, NULL, '2015-05-15 16:00:00', '2015-05-15 16:30:00', 'Heike Wagner', 'Ma', NULL, NULL, NULL, '2015-05-15', 0, '2015-05-14 17:30:56'),
(1012, 4, 8, 6, NULL, '2015-05-19 17:00:00', '2015-05-19 17:30:00', 'Schütz', 'Anti Stressmassage', NULL, NULL, NULL, '2015-05-19', 0, '2015-05-15 07:26:05'),
(1013, 4, 1, NULL, NULL, '2015-05-19 15:00:00', '2015-05-19 20:00:00', 'Doris Glowe', NULL, NULL, NULL, NULL, '2015-05-19', 0, '2015-05-15 07:26:36'),
(1014, 1, 7, NULL, NULL, '2015-05-19 12:00:00', '2015-05-19 13:00:00', 'Bourquin', NULL, NULL, NULL, NULL, '2015-05-19', 0, '2015-05-15 07:28:39'),
(1015, 1, 7, NULL, NULL, '2015-05-21 13:00:00', '2015-05-21 14:00:00', 'Büro', NULL, NULL, NULL, NULL, '2015-05-21', 0, '2015-05-15 07:51:49'),
(1016, 1, 7, NULL, NULL, '2015-05-22 13:00:00', '2015-05-22 13:30:00', 'Büro', NULL, NULL, NULL, NULL, '2015-05-22', 0, '2015-05-15 07:52:24'),
(1017, 1, 7, NULL, NULL, '2015-05-26 13:00:00', '2015-05-26 14:00:00', 'Büro', NULL, NULL, NULL, NULL, '2015-05-26', 0, '2015-05-15 07:53:43'),
(1018, 1, 7, NULL, NULL, '2015-06-09 17:00:00', '2015-06-09 18:00:00', 'Trams', NULL, NULL, NULL, NULL, '2015-06-09', 0, '2015-05-15 08:55:31'),
(1019, 2, 4, 2, NULL, '2015-05-15 18:00:00', '2015-05-15 18:00:00', 'fr. werner-drechsler', 'Angebot Rücken', 'extern', NULL, '45', '2015-05-15', 0, '2015-05-15 08:59:35'),
(1020, 1, 7, NULL, NULL, '2015-05-18 11:00:00', '2015-05-18 12:00:00', 'Lukas', NULL, NULL, NULL, NULL, '2015-05-18', 0, '2015-05-15 09:53:36'),
(1021, 1, 7, NULL, NULL, '2015-05-19 11:00:00', '2015-05-19 12:00:00', 'Fr. Lucas', NULL, NULL, NULL, NULL, '2015-05-19', 0, '2015-05-15 09:54:34'),
(1022, 1, 7, NULL, NULL, '2015-05-22 10:00:00', '2015-05-22 11:00:00', 'Lucas', NULL, NULL, NULL, NULL, '2015-05-22', 0, '2015-05-15 09:55:10'),
(1023, 4, 2, 3, NULL, '2015-05-22 16:00:00', '2015-05-22 16:30:00', 'Heike Wagner', 'Ma', NULL, NULL, NULL, '2015-05-22', 0, '2015-05-15 14:42:28'),
(1024, 2, 4, 6, NULL, '2015-05-16 18:30:00', '2015-05-16 19:00:00', 'Hr. Awißus', 'RM indiv.', '# 306', NULL, '30', '2015-05-16', 0, '2015-05-15 15:32:35'),
(1025, 3, 1, 7, NULL, '2015-05-18 10:00:00', '2015-05-18 11:00:00', 'gartz', 'Rücken Angebot', 'bei Beiden evtl. 2 Folien nehmen, extern', NULL, '45', '2015-05-18', 0, '2015-05-15 15:35:54'),
(1026, 3, 2, 7, NULL, '2015-05-18 10:00:00', '2015-05-18 11:00:00', 'Gartz', 'Rücken Angebot', NULL, NULL, '45', '2015-05-18', 0, '2015-05-15 15:36:39'),
(1027, 3, 6, 7, NULL, '2015-05-18 11:00:00', '2015-05-18 12:00:00', 'Fr. Gartz', 'flinke Füsse', NULL, NULL, '52', '2015-05-18', 0, '2015-05-15 15:37:50'),
(1028, 1, 7, 7, NULL, '2015-05-18 12:00:00', '2015-05-18 12:30:00', 'Hr. Gartz', 'HWS Spez', NULL, NULL, '35', '2015-05-18', 0, '2015-05-15 15:38:30'),
(1029, 3, 1, NULL, NULL, '2015-05-18 11:00:00', '2015-05-18 12:00:00', 'Füsse', NULL, NULL, NULL, NULL, '2015-05-18', 0, '2015-05-15 15:40:27'),
(1030, 4, 2, NULL, NULL, '2015-05-28 17:30:00', '2015-05-28 20:00:00', 'Doris Fahrzeit + Glow', NULL, NULL, NULL, NULL, '2015-05-28', 0, '2015-05-15 16:12:50'),
(1031, 1, 7, NULL, NULL, '2015-05-16 11:00:00', '2015-05-16 12:00:00', 'Frank Schmitz', 'Osteo', NULL, NULL, NULL, '2015-05-16', 0, '2015-05-15 16:25:19'),
(1032, 1, 7, NULL, NULL, '2015-05-18 14:00:00', '2015-05-18 15:00:00', 'Zickmann', NULL, NULL, NULL, NULL, '2015-05-18', 0, '2015-05-16 07:42:15'),
(1033, 2, 4, NULL, NULL, '2015-05-18 14:00:00', '2015-05-18 15:00:00', 'Zickmann', 'Entschlackungspackung', NULL, NULL, NULL, '2015-05-18', 0, '2015-05-16 07:43:11'),
(1034, 1, 7, NULL, NULL, '2015-05-19 14:00:00', '2015-05-19 15:00:00', 'Zickmann', NULL, NULL, NULL, NULL, '2015-05-19', 0, '2015-05-16 07:43:41'),
(1035, 3, 1, NULL, NULL, '2015-05-19 14:00:00', '2015-05-19 15:00:00', 'Zickmann', 'Enschlackungspackung', NULL, NULL, NULL, '2015-05-19', 0, '2015-05-16 07:44:24'),
(1036, 1, 7, NULL, NULL, '2015-05-21 14:00:00', '2015-05-21 15:00:00', 'Zickmann', NULL, NULL, NULL, NULL, '2015-05-21', 0, '2015-05-16 07:44:47'),
(1037, 2, 4, NULL, NULL, '2015-05-21 14:00:00', '2015-05-21 15:00:00', 'Zickmann', 'Entschlackungspack.', NULL, NULL, NULL, '2015-05-21', 0, '2015-05-16 07:45:45'),
(1038, 1, 7, NULL, NULL, '2015-05-23 14:00:00', '2015-05-23 15:00:00', 'Zickmann', NULL, NULL, NULL, NULL, '2015-05-23', 0, '2015-05-16 07:46:25'),
(1039, 3, 1, NULL, NULL, '2015-05-23 14:00:00', '2015-05-23 15:00:00', 'Zickmann', 'Entschlackungspackg.', NULL, NULL, NULL, '2015-05-23', 0, '2015-05-16 07:47:06'),
(1040, 3, 1, 7, NULL, '2015-05-16 12:30:00', '2015-05-16 13:30:00', 'Conrad', 'kl. Kosmetik/ Kind', 'Sylke fragen', NULL, '40', '2015-05-16', 0, '2015-05-16 08:52:10'),
(1041, 3, 2, 1, NULL, '2015-05-16 12:30:00', '2015-05-16 13:00:00', 'Conrad', 'Gesichtsmassage', 'anstatt Rm, frisches Tattoo', NULL, NULL, '2015-05-16', 0, '2015-05-16 08:52:42'),
(1042, 2, 3, 7, NULL, '2015-05-16 12:30:00', '2015-05-16 13:30:00', 'Conrad', 'Mass. & Romantikbad', NULL, NULL, '99', '2015-05-16', 0, '2015-05-16 08:54:09'),
(1043, 1, 7, NULL, NULL, '2015-05-21 11:30:00', '2015-05-21 12:30:00', 'Schmitz', NULL, NULL, NULL, NULL, '2015-05-21', 0, '2015-05-16 09:57:10'),
(1044, 2, 3, 5, NULL, '2015-05-21 10:30:00', '2015-05-21 11:00:00', 'Schmitz', 'Massage', 'G 27/09/14/S1', NULL, NULL, '2015-05-21', 0, '2015-05-16 09:58:16'),
(1045, 3, 1, NULL, NULL, '2015-05-26 12:30:00', '2015-05-26 14:00:00', 'Kosmetik', NULL, NULL, NULL, NULL, '2015-05-26', 0, '2015-05-16 11:28:52'),
(1046, 1, 7, NULL, NULL, '2015-05-18 09:00:00', '2015-05-18 09:30:00', '2 Gutscheine schreiben', NULL, NULL, NULL, NULL, '2015-05-18', 0, '2015-05-16 13:27:29'),
(1047, 2, 3, 7, NULL, '2015-05-16 16:30:00', '2015-05-16 17:30:00', 'Fr. van der Leeuw', 'Rücken indiv.', '# 225', NULL, '30', '2015-05-16', 0, '2015-05-16 14:27:50'),
(1048, 3, 1, NULL, NULL, '2015-05-26 09:30:00', '2015-05-26 10:00:00', 'Kosmetik', NULL, NULL, NULL, NULL, '2015-05-26', 0, '2015-05-18 07:37:27'),
(1049, 3, 6, 7, NULL, '2015-05-26 09:30:00', '2015-05-26 10:00:00', 'Wiebusch', 'Augen pur', NULL, NULL, NULL, '2015-05-26', 0, '2015-05-18 07:38:02'),
(1050, 2, 4, 4, NULL, '2015-05-18 16:00:00', '2015-05-18 17:00:00', 'Kowalik', 'Packg. & Massage', 'SKR, #', NULL, NULL, '2015-05-18', 0, '2015-05-18 08:16:25'),
(1051, 4, 8, 6, NULL, '2015-05-19 16:30:00', '2015-05-19 17:00:00', 'Schütz', 'Relax Rückenmassage', NULL, NULL, NULL, '2015-05-19', 0, '2015-05-18 08:18:14'),
(1052, 3, 1, 4, NULL, '2015-05-20 09:30:00', '2015-05-20 10:00:00', 'Fr. Kowalik', 'GP & HP', 'SKR', NULL, NULL, '2015-05-20', 0, '2015-05-18 08:19:58'),
(1054, 4, 9, 7, NULL, '2015-05-19 15:00:00', '2015-05-19 16:00:00', 'Fr. Köhntke', 'Hot-Stone-Entsäuerung', 'extern', NULL, '64', '2015-05-19', 0, '2015-05-18 08:25:02'),
(1055, 4, 2, 7, NULL, '2015-05-22 15:30:00', '2015-05-22 16:00:00', 'Lippert', 'Ma ind.', NULL, NULL, '30', '2015-05-22', 0, '2015-05-18 08:45:53'),
(1056, 2, 4, 7, NULL, '2015-05-22 15:30:00', '2015-05-22 16:00:00', 'Lippert', 'Ma ind.', NULL, NULL, '30', '2015-05-22', 0, '2015-05-18 08:46:14'),
(1057, 3, 6, 7, NULL, '2015-05-23 09:30:00', '2015-05-23 10:30:00', 'Lippert', 'kl. Kosmetik', 'bezahlt', NULL, '52', '2015-05-23', 0, '2015-05-18 08:48:10'),
(1058, 4, 1, 7, NULL, '2015-05-24 15:00:00', '2015-05-24 15:30:00', 'Lippert', 'Ma. ind.', 'bezahlt am 22.05.', NULL, '30', '2015-05-24', 0, '2015-05-18 08:49:36'),
(1059, 2, 3, 7, NULL, '2015-05-24 15:00:00', '2015-05-24 15:30:00', 'Lippert', 'Ma. ind.', 'bezahlt am 22.05.', NULL, '30', '2015-05-24', 0, '2015-05-18 08:50:17'),
(1060, 1, 7, 7, NULL, '2015-05-25 14:00:00', '2015-05-25 15:00:00', 'Lippert', 'Ma. ind 50 min.', 'bezahlt am 22.05.', NULL, '60', '2015-05-25', 0, '2015-05-18 08:51:09'),
(1061, 2, 3, 7, NULL, '2015-05-25 14:00:00', '2015-05-25 15:00:00', 'Holtemeyer', 'Ma. ind.', NULL, NULL, '60', '2015-05-25', 0, '2015-05-18 08:52:04'),
(1062, 3, 1, 7, NULL, '2015-05-19 09:30:00', '2015-05-19 10:30:00', 'Soro-Poplat', 'Rü. entsp. genießen', NULL, NULL, '45', '2015-05-19', 0, '2015-05-18 09:55:38'),
(1063, 2, 4, 1, NULL, '2015-05-19 15:00:00', '2015-05-19 16:00:00', 'Alexander Frank', 'Massagetraum', 'extern', NULL, '85', '2015-05-19', 0, '2015-05-18 10:29:30'),
(1064, 1, 7, NULL, NULL, '2015-05-19 09:30:00', '2015-05-19 10:00:00', 'Hr. Gaartz', 'HWS spezial', 'bezahlt', NULL, NULL, '2015-05-19', 0, '2015-05-18 10:31:04'),
(1065, 3, 2, 7, NULL, '2015-05-19 09:30:00', '2015-05-19 10:30:00', 'Fr. Gratz', 'Frühlingsfrische', NULL, NULL, '55', '2015-05-19', 0, '2015-05-18 10:37:25'),
(1066, 3, 1, 2, NULL, '2015-05-20 13:00:00', '2015-05-20 15:00:00', 'Fr. Hartmann', 'Verwöhnprogramm für Sie', 'Geb.', NULL, '122', '2015-05-20', 0, '2015-05-18 11:08:55'),
(1067, 3, 6, NULL, NULL, '2015-05-20 13:00:00', '2015-05-20 14:00:00', 'Kosmetik', NULL, NULL, NULL, NULL, '2015-05-20', 0, '2015-05-18 11:09:56'),
(1068, 2, 4, 2, NULL, '2015-05-20 13:00:00', '2015-05-20 14:00:00', 'Fr. Hartmann jun.', 'Hot Stone GK', NULL, NULL, '58', '2015-05-20', 0, '2015-05-18 11:12:13'),
(1069, 2, 4, 5, NULL, '2015-05-26 13:00:00', '2015-05-26 13:30:00', 'Koos', 'Hot Stone Rückenmassage', 'Gs-Nr.\r\n13/05/2015/B1', NULL, NULL, '2015-05-26', 0, '2015-05-18 11:59:39'),
(1070, 1, 7, NULL, NULL, '2015-06-08 15:00:00', '2015-06-08 16:00:00', 'Werth', NULL, NULL, NULL, NULL, '2015-06-08', 0, '2015-05-18 14:01:23'),
(1071, 2, 4, 6, NULL, '2015-05-19 17:00:00', '2015-05-19 17:30:00', 'Fam. Haack', 'Ro-Bad', '# 304', NULL, '55', '2015-05-19', 0, '2015-05-18 15:06:15'),
(1072, 2, 4, 7, NULL, '2015-05-20 15:00:00', '2015-05-20 15:30:00', 'fr. bonke', 'hot-stone-rm', NULL, NULL, '29', '2015-05-20', 0, '2015-05-18 15:09:35'),
(1073, 1, 7, NULL, NULL, '2015-06-02 17:00:00', '2015-06-02 18:00:00', 'Simone', NULL, NULL, NULL, NULL, '2015-06-02', 0, '2015-05-18 15:59:47'),
(1074, 1, 6, NULL, NULL, '2015-06-02 16:30:00', '2015-06-02 17:00:00', 'Simone', 'Augen pur', NULL, NULL, NULL, '2015-06-02', 0, '2015-05-18 16:00:38'),
(1075, 1, 7, NULL, NULL, '2015-05-21 12:30:00', '2015-05-21 13:30:00', 'Antje', NULL, NULL, NULL, NULL, '2015-05-21', 0, '2015-05-18 16:08:57'),
(1076, 1, 7, NULL, NULL, '2015-05-21 13:30:00', '2015-05-21 14:00:00', 'Büro', NULL, NULL, NULL, NULL, '2015-05-21', 0, '2015-05-18 16:09:34'),
(1077, 4, 2, 7, NULL, '2015-05-26 15:00:00', '2015-05-26 16:00:00', 'Fr. Knauth', 'Rücken intensiv', NULL, NULL, '53', '2015-05-26', 0, '2015-05-19 05:24:10'),
(1078, 4, 6, 6, NULL, '2015-05-20 17:30:00', '2015-05-20 18:30:00', 'Roy-Melur, Frau', 'kl. Kosmetik', 'Wandergruppe Zi 224', '01604328834', '52', '2015-05-20', 0, '2015-05-19 06:46:53'),
(1079, 4, 1, NULL, NULL, '2015-05-20 17:30:00', '2015-05-20 18:30:00', 'Kosmetik', NULL, NULL, NULL, NULL, '2015-05-20', 0, '2015-05-19 06:47:42'),
(1080, 3, 1, 5, NULL, '2015-06-17 10:00:00', '2015-06-17 12:00:00', 'Jakob', 'Rügen am ganzen Körper genießen', NULL, NULL, NULL, '2015-06-17', 0, '2015-05-19 06:59:31'),
(1081, 3, 2, 5, NULL, '2015-06-17 10:00:00', '2015-06-17 12:00:00', 'Jakob', 'Rügen am ganzen Körper genießen', NULL, NULL, NULL, '2015-06-17', 0, '2015-05-19 07:00:10'),
(1082, NULL, 1, 5, NULL, '2015-06-18 10:00:00', '2015-06-18 11:00:00', 'Jakob', 'Entspanntes Lächeln', NULL, NULL, NULL, '2015-06-18', 0, '2015-05-19 07:00:59'),
(1083, NULL, 2, 5, NULL, '2015-06-18 10:00:00', '2015-06-18 11:00:00', 'Jakob', 'Entspanntes Lächeln', NULL, NULL, NULL, '2015-06-18', 0, '2015-05-19 07:01:37'),
(1084, 1, 7, 3, NULL, '2015-05-26 10:00:00', '2015-05-26 11:00:00', 'Fr. Herold', 'Craniosacrale Therapie', 'Rechn. + 2 x bei Doris (53 + 30)', NULL, NULL, '2015-05-26', 0, '2015-05-19 08:03:17'),
(1085, 2, 4, 2, NULL, '2015-05-19 14:30:00', '2015-05-19 16:00:00', 'Alexander', 'Massagetraum', NULL, NULL, '85', '2015-05-19', 0, '2015-05-19 08:54:28'),
(1086, 1, 7, NULL, NULL, '2015-05-28 13:00:00', '2015-05-28 14:00:00', 'Büro', NULL, NULL, NULL, NULL, '2015-05-28', 0, '2015-05-19 10:00:10'),
(1087, 1, 7, NULL, NULL, '2015-05-28 09:30:00', '2015-05-28 10:30:00', 'Wüstenberg', NULL, NULL, NULL, NULL, '2015-05-28', 0, '2015-05-19 10:00:44'),
(1088, 3, 1, NULL, NULL, '2015-06-01 14:30:00', '2015-06-01 15:00:00', 'Jana/ Fr. Steinle abholen', NULL, NULL, NULL, NULL, '2015-06-01', 0, '2015-05-19 10:06:14'),
(1089, 3, 1, NULL, NULL, '2015-05-28 14:30:00', '2015-05-28 15:00:00', 'Fr. Steinle abholen', NULL, NULL, NULL, NULL, '2015-05-28', 0, '2015-05-19 10:08:08'),
(1090, 4, 1, 4, NULL, '2015-06-16 16:00:00', '2015-06-16 16:30:00', 'Linken', 'SNK', NULL, NULL, NULL, '2015-06-16', 0, '2015-05-19 11:05:25'),
(1091, 2, 3, 4, NULL, '2015-06-16 16:00:00', '2015-06-16 16:30:00', 'Linken', 'SNK', NULL, NULL, NULL, '2015-06-16', 0, '2015-05-19 11:06:08'),
(1092, 3, 2, 7, NULL, '2015-05-19 14:30:00', '2015-05-19 15:30:00', 'Klei', 'Ganzkörperpackung Rügener Heilkreide', NULL, NULL, '48', '2015-05-19', 0, '2015-05-19 12:36:38'),
(1093, 3, 1, 2, NULL, '2015-05-20 10:30:00', '2015-05-20 11:00:00', 'Kasper', 'Relax Rückenmassage', NULL, NULL, '26', '2015-05-20', 0, '2015-05-19 13:13:29'),
(1094, 3, 1, 2, NULL, '2015-05-20 11:00:00', '2015-05-20 11:30:00', 'Kasper', 'Anti Stressmassage', NULL, '0162 9098931', '29', '2015-05-20', 0, '2015-05-19 13:14:29'),
(1095, 3, 1, NULL, NULL, '2015-05-20 12:30:00', '2015-05-20 13:00:00', 'Pause', NULL, NULL, NULL, NULL, '2015-05-20', 0, '2015-05-19 13:16:20'),
(1096, 4, 9, 7, NULL, '2015-05-21 15:00:00', '2015-05-21 15:30:00', 'Behnke', 'RM', NULL, '0170 3467029', '26', '2015-05-21', 0, '2015-05-19 13:53:56'),
(1097, 4, 9, 7, NULL, '2015-05-21 15:30:00', '2015-05-21 16:00:00', 'Behnke', 'RM', NULL, NULL, '26', '2015-05-21', 0, '2015-05-19 13:54:28'),
(1098, 1, 7, NULL, NULL, '2015-05-26 16:00:00', '2015-05-26 17:00:00', 'Petra', NULL, NULL, NULL, NULL, '2015-05-26', 0, '2015-05-19 13:57:48'),
(1099, 1, 7, NULL, NULL, '2015-06-02 15:00:00', '2015-06-02 16:00:00', 'Haase', NULL, NULL, NULL, NULL, '2015-06-02', 0, '2015-05-19 13:58:12'),
(1100, 1, 7, NULL, NULL, '2015-06-09 15:00:00', '2015-06-09 16:00:00', 'Haase', NULL, NULL, NULL, NULL, '2015-06-09', 0, '2015-05-19 13:58:46'),
(1101, 1, 7, NULL, NULL, '2015-06-16 15:00:00', '2015-06-16 16:00:00', 'Haase', NULL, NULL, NULL, NULL, '2015-06-16', 0, '2015-05-19 13:59:27'),
(1102, 1, 6, NULL, NULL, '2015-06-09 16:30:00', '2015-06-09 17:00:00', 'Tom', NULL, NULL, NULL, NULL, '2015-06-09', 0, '2015-05-19 15:00:22'),
(1103, 1, 7, NULL, NULL, '2015-05-28 10:30:00', '2015-05-28 11:00:00', 'Bantow , Fr', NULL, NULL, NULL, NULL, '2015-05-28', 0, '2015-05-19 15:02:18'),
(1104, 4, 1, NULL, NULL, '2015-05-21 15:00:00', '2015-05-21 16:30:00', 'Glowe & Fahrzeit', NULL, NULL, NULL, NULL, '2015-05-21', 0, '2015-05-19 15:36:34'),
(1105, 2, 4, 7, NULL, '2015-05-20 17:00:00', '2015-05-20 17:30:00', 'Bochon, charleen', 'Kreidepack. Hände + Arme+, fast 5 J.', 'Neurodermitis', NULL, '24', '2015-05-20', 0, '2015-05-19 15:58:12'),
(1106, 1, 6, NULL, NULL, '2015-06-25 17:00:00', '2015-06-25 18:00:00', 'Fr. Rößler', 'Kosmetik', NULL, NULL, '42', '2015-06-25', 0, '2015-05-19 16:05:32');
INSERT INTO `event` (`id`, `employee_id`, `location_id`, `paymentmethod_id`, `user_id`, `date_start`, `date_end`, `customer`, `info`, `extrainfo`, `telephone`, `price`, `day`, `canceled`, `create_date`) VALUES
(1107, 3, 1, NULL, NULL, '2015-05-22 09:30:00', '2015-05-22 10:30:00', 'Glowe', NULL, NULL, NULL, NULL, '2015-05-22', 0, '2015-05-20 07:17:55'),
(1108, 2, 4, 7, NULL, '2015-05-20 14:00:00', '2015-05-20 14:30:00', 'Hr. Hartmann', 'Hot Stone RM', NULL, NULL, '29', '2015-05-20', 0, '2015-05-20 11:01:20'),
(1109, 2, 4, 7, NULL, '2015-05-21 11:00:00', '2015-05-21 11:30:00', 'Fr. Kurbjuweit', 'FRZ', NULL, NULL, '26', '2015-05-21', 0, '2015-05-20 11:04:37'),
(1110, 4, 9, NULL, NULL, '2015-05-19 16:00:00', '2015-05-19 16:30:00', 'xxx', NULL, NULL, NULL, NULL, '2015-05-19', 0, '2015-05-20 15:00:15'),
(1111, 1, 7, NULL, NULL, '2015-05-23 09:30:00', '2015-05-23 10:30:00', 'Wüstenberg', NULL, NULL, NULL, NULL, '2015-05-23', 0, '2015-05-21 08:23:28'),
(1112, 1, 7, NULL, NULL, '2015-05-25 11:00:00', '2015-05-25 12:00:00', 'Wüstenberg', NULL, NULL, NULL, NULL, '2015-05-25', 0, '2015-05-21 08:24:45'),
(1113, 1, 6, NULL, NULL, '2015-06-11 09:30:00', '2015-06-11 10:30:00', 'Gerhild', NULL, NULL, NULL, NULL, '2015-06-11', 0, '2015-05-21 09:28:16'),
(1114, 1, 6, NULL, NULL, '2015-07-14 10:00:00', '2015-07-14 11:00:00', 'Schmitz', NULL, NULL, NULL, NULL, '2015-07-14', 0, '2015-05-21 10:32:35'),
(1115, 1, 7, NULL, NULL, '2015-07-21 10:00:00', '2015-07-21 11:00:00', 'Schmitz', NULL, NULL, NULL, NULL, '2015-07-21', 0, '2015-05-21 10:32:58'),
(1116, 4, 2, 1, NULL, '2015-05-29 17:30:00', '2015-05-29 18:30:00', 'Fr. Hackenberg', 'Rücken intensiv', NULL, '0172 2093322', '53', '2015-05-29', 0, '2015-05-21 11:28:12'),
(1117, 4, 2, 3, NULL, '2015-05-26 17:00:00', '2015-05-26 18:00:00', 'Fr. Hackenberg', 'Rücken intensiv', NULL, '0172 2093322', '53', '2015-05-26', 0, '2015-05-21 11:29:22'),
(1118, 1, 7, NULL, NULL, '2015-05-28 11:00:00', '2015-05-28 12:00:00', 'Antje', NULL, NULL, NULL, NULL, '2015-05-28', 0, '2015-05-21 11:41:56'),
(1119, 3, 1, 7, NULL, '2015-05-22 11:00:00', '2015-05-22 11:30:00', 'Fr.  Samordak', 'RM', 'extern', NULL, '26', '2015-05-22', 0, '2015-05-21 11:54:59'),
(1121, 4, 2, 7, NULL, '2015-05-23 16:00:00', '2015-05-23 17:00:00', 'Hr. Böttge', 'Rücken intensiv', NULL, NULL, '53', '2015-05-23', 0, '2015-05-21 13:22:16'),
(1123, 4, 2, NULL, NULL, '2015-05-23 17:00:00', '2015-05-23 17:30:00', 'plus', 'Brauen zupfen', NULL, NULL, NULL, '2015-05-23', 0, '2015-05-21 13:25:52'),
(1124, 4, 1, 7, NULL, '2015-05-23 16:30:00', '2015-05-23 18:00:00', 'Fr. Böttge', 'Augenbrauen zupfen & Hot Stone Kombi od. Ganzkörper', NULL, NULL, '58 +12', '2015-05-23', 0, '2015-05-21 13:57:17'),
(1125, 3, 6, 1, NULL, '2015-07-29 09:30:00', '2015-07-29 12:00:00', 'Fr. Rümmler', 'Gr. Kosmetik & Flinke Füsse', 'heiratet am 01.08.15 / Per Mail gebucht am 21.05.15', NULL, NULL, '2015-07-29', 0, '2015-05-21 15:47:45'),
(1126, 3, 1, NULL, NULL, '2015-07-29 09:30:00', '2015-07-29 12:00:00', 'Kosmetik', NULL, NULL, NULL, NULL, '2015-07-29', 0, '2015-05-21 15:48:48'),
(1127, 1, 7, NULL, NULL, '2015-06-18 16:00:00', '2015-06-18 16:30:00', 'Koos', 'Ma', NULL, NULL, NULL, '2015-06-18', 0, '2015-05-21 16:20:09'),
(1128, 1, 6, 1, NULL, '2015-06-18 16:30:00', '2015-06-18 18:00:00', 'Koos', 'Große Gesichts-, Hals- und Dekolletèbehandlung', NULL, NULL, NULL, '2015-06-18', 0, '2015-05-21 16:20:38'),
(1129, 4, 7, NULL, NULL, '2015-04-18 12:00:00', '2015-04-18 13:00:00', 'Fenske', NULL, NULL, NULL, NULL, '2015-04-18', 0, '2015-05-22 07:26:17'),
(1130, 4, 1, NULL, NULL, '2015-04-25 17:00:00', '2015-04-25 18:00:00', 'Fenske', NULL, NULL, NULL, NULL, '2015-04-25', 0, '2015-05-22 07:27:14'),
(1131, 4, 1, NULL, NULL, '2015-04-27 18:00:00', '2015-04-27 19:00:00', 'Fenske', NULL, NULL, NULL, NULL, '2015-04-27', 0, '2015-05-22 07:27:48'),
(1132, 4, 1, NULL, NULL, '2015-04-29 19:00:00', '2015-04-29 20:00:00', 'Fenske', NULL, NULL, NULL, NULL, '2015-04-29', 0, '2015-05-22 07:28:29'),
(1133, 4, 9, 3, NULL, '2015-04-30 19:00:00', '2015-04-30 20:00:00', 'Fenske', NULL, NULL, NULL, NULL, '2015-04-30', 0, '2015-05-22 07:29:18'),
(1134, 4, 8, 4, NULL, '2015-05-30 15:00:00', '2015-05-30 16:00:00', 'Fam. Bell', 'Entspannter Rücken', NULL, NULL, NULL, '2015-05-30', 0, '2015-05-22 07:37:11'),
(1135, 4, 9, 4, NULL, '2015-05-30 15:00:00', '2015-05-30 16:00:00', 'Fam. Bell', 'Entspannter Rücken', NULL, NULL, NULL, '2015-05-30', 0, '2015-05-22 07:37:51'),
(1136, 4, 8, 4, NULL, '2015-05-30 16:00:00', '2015-05-30 17:00:00', 'Fr. Georgiew', 'Entspannter Rücken', NULL, NULL, NULL, '2015-05-30', 0, '2015-05-22 07:38:37'),
(1137, 4, 9, 4, NULL, '2015-05-30 16:00:00', '2015-05-30 17:00:00', 'Georgiew', 'Entspannter Rücken', NULL, NULL, NULL, '2015-05-30', 0, '2015-05-22 07:39:06'),
(1138, 4, 1, NULL, NULL, '2015-05-30 15:00:00', '2015-05-30 17:30:00', 'Glowe & Fahrzeit', NULL, NULL, NULL, NULL, '2015-05-30', 0, '2015-05-22 07:40:28'),
(1139, 2, 3, 4, NULL, '2015-05-30 12:00:00', '2015-05-30 12:30:00', 'Zander', 'SNK', NULL, NULL, NULL, '2015-05-30', 0, '2015-05-22 07:41:58'),
(1140, 2, 3, NULL, NULL, '2015-05-30 12:30:00', '2015-05-30 13:00:00', 'Zander', 'SNK', NULL, NULL, NULL, '2015-05-30', 0, '2015-05-22 07:42:24'),
(1141, 1, 7, 3, NULL, '2015-06-02 12:00:00', '2015-06-02 13:00:00', 'Bourquin', NULL, NULL, NULL, NULL, '2015-06-02', 0, '2015-05-22 07:48:12'),
(1142, 1, 7, NULL, NULL, '2015-06-02 13:00:00', '2015-06-02 14:00:00', 'Büro', NULL, NULL, NULL, NULL, '2015-06-02', 0, '2015-05-22 07:48:43'),
(1143, 1, 7, NULL, NULL, '2015-06-04 09:30:00', '2015-06-04 10:30:00', 'Wüsetenberg', NULL, NULL, NULL, NULL, '2015-06-04', 0, '2015-05-22 07:49:43'),
(1144, 3, 1, NULL, NULL, '2015-05-23 09:30:00', '2015-05-23 10:30:00', 'kosmetik', NULL, NULL, NULL, NULL, '2015-05-23', 0, '2015-05-22 08:43:15'),
(1145, 1, 7, NULL, NULL, '2015-06-09 09:30:00', '2015-06-09 10:30:00', 'Lukas', NULL, NULL, NULL, NULL, '2015-06-09', 0, '2015-05-22 08:52:16'),
(1146, 1, 7, NULL, NULL, '2015-06-11 10:30:00', '2015-06-11 11:30:00', 'Lukas', NULL, NULL, NULL, NULL, '2015-06-11', 0, '2015-05-22 08:53:33'),
(1147, 1, 7, NULL, NULL, '2015-06-13 09:30:00', '2015-06-13 10:30:00', 'Lukas', NULL, NULL, NULL, NULL, '2015-06-13', 0, '2015-05-22 08:54:02'),
(1148, 4, 2, 7, NULL, '2015-05-22 18:00:00', '2015-05-22 18:30:00', 'Kupetz', 'Ma ind.', 'Schmerzen HWS, hatte BV, ist heute Abend in der Sauna', NULL, '30', '2015-05-22', 0, '2015-05-22 08:55:38'),
(1150, 1, 7, NULL, NULL, '2015-06-05 11:00:00', '2015-06-05 12:00:00', 'Dohnau', NULL, NULL, NULL, NULL, '2015-06-05', 0, '2015-05-22 09:56:49'),
(1151, 1, 7, NULL, NULL, '2015-06-12 11:00:00', '2015-06-12 12:00:00', 'Dohnau', NULL, NULL, NULL, NULL, '2015-06-12', 0, '2015-05-22 09:57:15'),
(1152, 1, 7, NULL, NULL, '2015-06-19 11:00:00', '2015-06-19 12:00:00', 'Dohnau', NULL, NULL, NULL, NULL, '2015-06-19', 0, '2015-05-22 09:57:41'),
(1153, 4, 2, 3, NULL, '2015-06-06 16:30:00', '2015-06-06 17:00:00', 'Heike Wagner', 'Ma', NULL, NULL, NULL, '2015-06-06', 0, '2015-05-22 14:32:33'),
(1157, 2, 4, 1, NULL, '2015-05-29 17:00:00', '2015-05-29 17:30:00', 'Hr. Herold', 'RM', NULL, NULL, '26', '2015-05-29', 0, '2015-05-22 16:04:13'),
(1158, 2, 4, 7, NULL, '2015-05-22 18:00:00', '2015-05-22 18:30:00', 'Fr. Kupetz', 'FRZ', NULL, NULL, '26', '2015-05-22', 0, '2015-05-22 16:06:11'),
(1159, 2, 9, 4, NULL, '2015-05-25 11:00:00', '2015-05-25 11:30:00', 'Grummt', 'RP & GP', 'Der Mann möchte nicht, darum bekommt sie beide Packungen', NULL, NULL, '2015-05-25', 0, '2015-05-23 13:55:16'),
(1160, 2, 3, NULL, NULL, '2015-05-25 10:00:00', '2015-05-25 12:00:00', 'Glowe & Fahrzeit', NULL, NULL, NULL, NULL, '2015-05-25', 0, '2015-05-23 13:56:35'),
(1161, 3, 1, 7, NULL, '2015-05-26 10:00:00', '2015-05-26 10:30:00', 'Bochon', 'Kreidepackung Arm', NULL, NULL, '24', '2015-05-26', 0, '2015-05-23 17:49:06'),
(1162, 3, 2, 1, NULL, '2015-05-28 10:00:00', '2015-05-28 10:30:00', 'Bochon', 'Kreidepackung Arm', NULL, NULL, '24', '2015-05-28', 0, '2015-05-23 17:52:16'),
(1163, 2, 3, 7, NULL, '2015-05-25 15:00:00', '2015-05-25 15:30:00', 'Albanus', 'Rücken imdi.', 'extern', NULL, '30', '2015-05-25', 0, '2015-05-24 12:55:58'),
(1164, 2, 3, 4, NULL, '2015-05-26 17:00:00', '2015-05-26 18:00:00', 'Fr. Neuberger', 'Rm+ Pa', 'SKR', NULL, NULL, '2015-05-26', 0, '2015-05-24 13:23:58'),
(1165, 2, 4, 4, NULL, '2015-05-26 17:00:00', '2015-05-26 18:00:00', 'Fr. Schardt', 'Rm + Pa', 'SKR', NULL, NULL, '2015-05-26', 0, '2015-05-24 13:24:28'),
(1166, 4, 2, 4, NULL, '2015-05-26 18:00:00', '2015-05-26 19:00:00', 'Fr. Sadri', 'Pa/Ma', 'SKR', NULL, NULL, '2015-05-26', 0, '2015-05-24 13:25:38'),
(1167, 2, 4, 6, NULL, '2015-05-28 17:30:00', '2015-05-28 18:30:00', 'Fr. Sadri', 'Entspannter Rücken', 'SKr + Zuzah. (RM+Pa)', NULL, '37', '2015-05-28', 0, '2015-05-24 13:27:04'),
(1168, 2, 3, 4, NULL, '2015-05-28 18:00:00', '2015-05-28 18:30:00', 'Fr. Schardt', 'GP+ HP', 'SKR', NULL, NULL, '2015-05-28', 0, '2015-05-24 13:29:18'),
(1170, 2, 4, 4, NULL, '2015-05-29 18:00:00', '2015-05-29 18:30:00', 'Fr. Neuberger', 'GP+ HP', 'SKR', NULL, NULL, '2015-05-29', 0, '2015-05-24 13:31:29'),
(1171, 3, 1, 4, NULL, '2015-05-28 11:30:00', '2015-05-28 12:30:00', 'Fr. Og', 'Rm + Pa', 'SKR', NULL, NULL, '2015-05-28', 0, '2015-05-24 13:45:16'),
(1172, 4, 1, 4, NULL, '2015-05-26 18:00:00', '2015-05-26 18:30:00', 'Fr. Og', 'GP+ HP', 'SKR', NULL, NULL, '2015-05-26', 0, '2015-05-24 13:46:52'),
(1173, 2, 4, 4, NULL, '2015-05-30 18:30:00', '2015-05-30 20:00:00', 'Fr. Burdack', 'Rm + Pa+ GP+HP', 'SKR', NULL, NULL, '2015-05-30', 0, '2015-05-24 15:24:27'),
(1174, 1, 7, NULL, NULL, '2015-06-15 11:00:00', '2015-06-15 12:00:00', 'Wellnessrundgang', NULL, 'SKR', NULL, NULL, '2015-06-15', 0, '2015-05-25 08:45:09'),
(1175, 2, 3, 4, NULL, '2015-05-25 12:00:00', '2015-05-25 13:00:00', 'Sturz', 'Ma / P', 'SKR', NULL, NULL, '2015-05-25', 0, '2015-05-25 09:15:45'),
(1177, 2, 4, 2, NULL, '2015-05-26 16:00:00', '2015-05-26 16:30:00', 'Fr. Schilberg', 'Anti Stressmassage', NULL, '302', '29', '2015-05-26', 0, '2015-05-25 09:22:25'),
(1178, 2, 3, 7, NULL, '2015-05-25 15:30:00', '2015-05-25 16:30:00', 'HAPPE', 'gk sANDDORNÖLMASSAGE', NULL, NULL, '55', '2015-05-25', 0, '2015-05-25 09:51:23'),
(1179, 1, 7, 1, NULL, '2015-05-26 17:00:00', '2015-05-26 17:30:00', 'Fr. Sturz', 'HWS spezial', 'SKR, Zuzahlung 22,-', NULL, '22', '2015-05-26', 0, '2015-05-25 11:07:55'),
(1180, NULL, 7, NULL, NULL, '2015-05-28 09:00:00', '2015-05-28 09:30:00', 'Rechnung Herold fertigmachen', NULL, NULL, NULL, NULL, '2015-05-28', 0, '2015-05-26 07:55:19'),
(1181, 4, 2, 7, NULL, '2015-05-26 16:30:00', '2015-05-26 17:00:00', 'Fr. Richter', 'Anti Stressmassage', NULL, NULL, '29', '2015-05-26', 0, '2015-05-26 07:56:43'),
(1182, 1, 6, 1, NULL, '2015-05-28 16:00:00', '2015-05-28 17:30:00', 'Quaas', 'gr. Kosmetik', NULL, NULL, '77', '2015-05-28', 0, '2015-05-26 08:00:17'),
(1183, 1, 7, 1, NULL, '2015-05-28 14:00:00', '2015-05-28 15:00:00', 'Kionigkeit', 'Manuelle Lymphdrainage', NULL, NULL, '65', '2015-05-28', 0, '2015-05-26 08:10:00'),
(1184, 3, 1, NULL, NULL, '2015-05-26 12:00:00', '2015-05-26 12:30:00', 'Pause', NULL, NULL, NULL, NULL, '2015-05-26', 0, '2015-05-26 08:11:43'),
(1185, 3, 1, 1, NULL, '2015-06-01 10:30:00', '2015-06-01 11:00:00', 'Kischel', 'Rücken Relax', NULL, NULL, '26', '2015-06-01', 0, '2015-05-26 08:45:55'),
(1186, 3, 8, 1, NULL, '2015-06-09 09:00:00', '2015-06-09 10:00:00', 'Neubauer', 'Beauty for Men', NULL, NULL, NULL, '2015-06-09', 0, '2015-05-26 09:45:54'),
(1187, 3, 8, 1, NULL, '2015-06-09 10:00:00', '2015-06-09 11:30:00', 'Neubauer', 'Große Gesichts-, Hals- und Dekolletèbehandlung', NULL, NULL, NULL, '2015-06-09', 0, '2015-05-26 09:46:31'),
(1188, 3, 1, NULL, NULL, '2015-06-09 09:00:00', '2015-06-09 12:00:00', 'Glowe & Fahrzeit', NULL, NULL, NULL, NULL, '2015-06-09', 0, '2015-05-26 09:47:25'),
(1189, 1, 7, NULL, NULL, '2015-06-08 10:00:00', '2015-06-08 11:00:00', 'Wellnessrungang', NULL, NULL, NULL, NULL, '2015-06-08', 0, '2015-05-26 09:48:56'),
(1190, 1, 7, NULL, NULL, '2015-06-08 12:00:00', '2015-06-08 13:00:00', 'büro', NULL, NULL, NULL, NULL, '2015-06-08', 0, '2015-05-26 09:49:37'),
(1191, 1, 7, NULL, NULL, '2015-06-09 12:00:00', '2015-06-09 13:00:00', 'Bourquin', NULL, NULL, NULL, NULL, '2015-06-09', 0, '2015-05-26 09:50:03'),
(1192, 1, 7, NULL, NULL, '2015-06-09 13:00:00', '2015-06-09 14:00:00', 'Büro', NULL, NULL, NULL, NULL, '2015-06-09', 0, '2015-05-26 09:50:41'),
(1193, 1, 7, NULL, NULL, '2015-06-09 10:30:00', '2015-06-09 11:30:00', 'Röder', NULL, NULL, NULL, NULL, '2015-06-09', 0, '2015-05-26 10:04:23'),
(1194, 1, 7, NULL, NULL, '2015-06-23 10:30:00', '2015-06-23 11:30:00', 'Röder', NULL, NULL, NULL, NULL, '2015-06-23', 0, '2015-05-26 10:04:52'),
(1195, 1, 7, NULL, NULL, '2015-07-07 10:30:00', '2015-07-07 11:30:00', 'Röder', NULL, NULL, NULL, NULL, '2015-07-07', 0, '2015-05-26 10:05:22'),
(1196, 1, 7, NULL, NULL, '2015-07-21 11:00:00', '2015-07-21 12:00:00', 'Röder', NULL, NULL, NULL, NULL, '2015-07-21', 0, '2015-05-26 10:05:58'),
(1197, 3, 1, NULL, NULL, '2015-05-27 12:00:00', '2015-05-27 13:00:00', 'Kosmetik', NULL, NULL, NULL, NULL, '2015-05-27', 0, '2015-05-26 10:38:18'),
(1198, 3, 6, 7, NULL, '2015-05-27 12:00:00', '2015-05-27 13:00:00', 'Fr. Hurka', 'kl. Kosmetik', '# 314', NULL, '52', '2015-05-27', 0, '2015-05-26 10:39:25'),
(1199, 3, 1, 7, NULL, '2015-05-27 11:30:00', '2015-05-27 12:00:00', 'Fr. Hurka', 'Antistress-Mass.', '# 314', NULL, '29', '2015-05-27', 0, '2015-05-26 10:40:14'),
(1200, 2, 4, 7, NULL, '2015-05-27 12:30:00', '2015-05-27 13:00:00', 'Hr. Hurka', 'Anti-Stress-Mass.', '# 314', NULL, '29', '2015-05-27', 0, '2015-05-26 10:41:43'),
(1201, 1, 7, NULL, NULL, '2015-05-30 10:00:00', '2015-05-30 11:00:00', 'Fr. Coburger', NULL, NULL, NULL, NULL, '2015-05-30', 0, '2015-05-26 13:30:10'),
(1202, 3, 1, 1, NULL, '2015-05-29 10:00:00', '2015-05-29 11:00:00', 'Hr. Tiedemann', 'Angeb. Rücken', NULL, NULL, '45', '2015-05-29', 0, '2015-05-26 13:30:48'),
(1203, 3, 2, 1, NULL, '2015-05-29 10:00:00', '2015-05-29 10:30:00', 'Fr. Tiedemann', 'Hot-Stone-Gesicht', NULL, NULL, '29', '2015-05-29', 0, '2015-05-26 13:31:38'),
(1204, 4, 2, 7, NULL, '2015-05-27 18:00:00', '2015-05-27 18:30:00', 'Fr. Tiedemann', 'Hot-Stone-Rücken', NULL, NULL, '29', '2015-05-27', 0, '2015-05-26 13:32:47'),
(1205, 4, 2, 1, NULL, '2015-06-02 17:00:00', '2015-06-02 18:00:00', 'Knauth', 'Rücken intensiv', NULL, NULL, '53', '2015-06-02', 0, '2015-05-26 13:38:29'),
(1206, 4, 2, 7, NULL, '2015-05-26 19:00:00', '2015-05-26 20:00:00', 'Fr. Montoi  -Carstensen', 'GK SÖ', NULL, NULL, '55', '2015-05-26', 0, '2015-05-26 14:58:26'),
(1207, 2, 4, 7, NULL, '2015-05-28 19:00:00', '2015-05-28 20:00:00', 'Czerwinski', 'GK Sö', NULL, NULL, '55', '2015-05-28', 0, '2015-05-26 14:59:17'),
(1208, 3, 6, 1, NULL, '2015-06-08 10:30:00', '2015-06-08 12:00:00', 'Küster', 'Gr.Kosmetik', NULL, NULL, '77', '2015-06-08', 0, '2015-05-26 15:36:08'),
(1209, 3, 1, NULL, NULL, '2015-06-08 10:30:00', '2015-06-08 12:00:00', 'xxx', NULL, NULL, NULL, NULL, '2015-06-08', 0, '2015-05-26 15:36:44'),
(1210, 3, 8, 4, NULL, '2015-06-02 09:30:00', '2015-06-02 11:00:00', 'Schonert', 'GK Peeling & Algenpackung', NULL, NULL, NULL, '2015-06-02', 0, '2015-05-26 15:44:27'),
(1211, 3, 9, 4, NULL, '2015-06-02 09:30:00', '2015-06-02 10:30:00', 'Schonert', 'Kosmetik', '50 min. / mit Meereswirkstoffen', NULL, NULL, '2015-06-02', 0, '2015-05-26 15:45:28'),
(1212, 3, 1, NULL, NULL, '2015-06-02 09:30:00', '2015-06-02 11:30:00', 'Glowe & Fahrzeit', NULL, NULL, NULL, NULL, '2015-06-02', 0, '2015-05-26 15:46:00'),
(1213, 3, 8, 4, NULL, '2015-06-03 09:30:00', '2015-06-03 11:00:00', 'Schonert', 'Gk Peeling & Algenpackung', NULL, NULL, NULL, '2015-06-03', 0, '2015-05-26 15:47:05'),
(1214, 3, 9, 4, NULL, '2015-06-03 09:30:00', '2015-06-03 10:30:00', 'Schonert', 'Kosmetik', NULL, NULL, NULL, '2015-06-03', 0, '2015-05-26 15:47:45'),
(1215, 3, 9, 4, NULL, '2015-06-04 15:00:00', '2015-06-04 16:00:00', 'Fischer', 'Entspannter Rücken', NULL, NULL, NULL, '2015-06-04', 0, '2015-05-26 15:49:29'),
(1216, 3, 8, 4, NULL, '2015-06-04 15:00:00', '2015-06-04 16:00:00', 'Fischer', 'Entspannter Rücken', NULL, NULL, NULL, '2015-06-04', 0, '2015-05-26 15:49:57'),
(1217, NULL, 2, NULL, NULL, '2015-06-02 17:30:00', '2015-06-02 18:30:00', 'Hackenberg', NULL, NULL, NULL, NULL, '2015-06-02', 0, '2015-05-26 16:01:06'),
(1218, 4, 1, 1, NULL, '2015-06-02 17:30:00', '2015-06-02 18:30:00', 'Hackenberg', 'Rücken intensiv', NULL, NULL, NULL, '2015-06-02', 0, '2015-05-26 16:02:00'),
(1219, 1, 7, 1, NULL, '2015-06-04 10:30:00', '2015-06-04 11:30:00', 'Hackenberg', 'Osteopathie', NULL, NULL, '80', '2015-06-04', 0, '2015-05-26 16:03:44'),
(1220, 4, 2, 1, NULL, '2015-06-09 17:00:00', '2015-06-09 18:00:00', 'Hackenberg', 'Rücken intensiv', NULL, NULL, NULL, '2015-06-09', 0, '2015-05-26 16:04:48'),
(1221, 4, 2, 1, NULL, '2015-06-12 17:00:00', '2015-06-12 18:00:00', 'Hakenberg', 'Rücken intensiv', NULL, NULL, NULL, '2015-06-12', 0, '2015-05-26 16:05:34'),
(1222, 4, 2, NULL, NULL, '2015-05-27 19:30:00', '2015-05-27 20:00:00', 'x', NULL, NULL, NULL, NULL, '2015-05-27', 0, '2015-05-26 16:40:24'),
(1223, 3, 1, NULL, NULL, '2015-05-28 12:30:00', '2015-05-28 13:00:00', 'Pause', NULL, NULL, NULL, NULL, '2015-05-28', 0, '2015-05-27 07:26:59'),
(1224, 3, 1, NULL, NULL, '2015-06-08 12:00:00', '2015-06-08 12:30:00', 'Pause', NULL, NULL, NULL, NULL, '2015-06-08', 0, '2015-05-27 07:30:25'),
(1225, 3, 1, NULL, NULL, '2015-06-03 09:30:00', '2015-06-03 11:30:00', 'Glowe', NULL, NULL, NULL, NULL, '2015-06-03', 0, '2015-05-27 07:31:49'),
(1226, 3, 1, 1, NULL, '2015-05-29 11:00:00', '2015-05-29 11:30:00', 'König', 'AB', NULL, NULL, '12', '2015-05-29', 0, '2015-05-27 08:18:05'),
(1227, 3, 6, NULL, NULL, '2015-05-29 11:00:00', '2015-05-29 11:30:00', 'XXXXXXXXXXXXXXX', NULL, NULL, NULL, NULL, '2015-05-29', 0, '2015-05-27 08:18:51'),
(1228, 2, 4, 1, NULL, '2015-05-27 17:00:00', '2015-05-27 18:00:00', 'Sadri', 'Rü. entspannt genießen', NULL, '110', '45', '2015-05-27', 0, '2015-05-27 08:22:49'),
(1229, 2, 3, 1, NULL, '2015-05-29 17:00:00', '2015-05-29 18:00:00', 'Sadri', 'Rü.entspannt genießen', NULL, NULL, '45', '2015-05-29', 0, '2015-05-27 08:27:02'),
(1230, 4, 2, 7, NULL, '2015-05-27 15:00:00', '2015-05-27 16:00:00', 'Hegewüs, Hr.', 'Rücken intensiv', 'extern', NULL, '53', '2015-05-27', 0, '2015-05-27 08:41:34'),
(1231, 2, 4, 7, NULL, '2015-05-27 15:00:00', '2015-05-27 16:00:00', 'Hegewüs, Fr', 'Rücken Relax', 'extern', NULL, '49', '2015-05-27', 0, '2015-05-27 08:42:12'),
(1232, 2, 4, 1, NULL, '2015-05-29 18:30:00', '2015-05-29 19:30:00', 'Langhein', 'Gesichts-, Hand- und Fussmassage', NULL, NULL, '52', '2015-05-29', 0, '2015-05-27 10:11:53'),
(1233, 4, 2, 1, NULL, '2015-05-29 18:30:00', '2015-05-29 19:30:00', 'Langhein', 'Rücken intensiv', NULL, NULL, '53', '2015-05-29', 0, '2015-05-27 10:13:25'),
(1234, 1, 7, 1, NULL, '2015-06-01 11:00:00', '2015-06-01 12:00:00', 'Hurka', 'Cranio', NULL, NULL, '65', '2015-06-01', 0, '2015-05-27 11:01:44'),
(1235, 3, 1, 1, NULL, '2015-06-01 11:00:00', '2015-06-01 12:00:00', 'Hurka', 'Gesichts-, Hand- und Fussmassage', NULL, NULL, '52', '2015-06-01', 0, '2015-05-27 11:02:12'),
(1236, 1, 7, NULL, NULL, '2015-06-03 09:00:00', '2015-06-03 11:30:00', 'Friseur', NULL, NULL, NULL, NULL, '2015-06-03', 0, '2015-05-27 11:12:09'),
(1237, 1, 7, NULL, NULL, '2015-06-04 13:00:00', '2015-06-04 14:00:00', 'Büro', NULL, NULL, NULL, NULL, '2015-06-04', 0, '2015-05-27 11:15:06'),
(1238, 2, 4, 4, NULL, '2015-05-30 16:30:00', '2015-05-30 17:30:00', 'Fam. Metzlaff-Dreier', 'GK SÖ', 'wird über Rezi gebucht, nicht auf Liste', NULL, '55', '2015-05-30', 0, '2015-05-27 11:21:00'),
(1239, 2, 4, 4, NULL, '2015-05-30 17:30:00', '2015-05-30 18:30:00', 'Fam. Metzlaff-Dreier', 'GK SÖ', 'wird von Rezi gebucht, nicht auf Liste', NULL, '55', '2015-05-30', 0, '2015-05-27 11:22:03'),
(1240, 1, 7, NULL, NULL, '2015-05-28 12:30:00', '2015-05-28 13:00:00', 'simone', 'GL', NULL, NULL, NULL, '2015-05-28', 0, '2015-05-27 13:34:39'),
(1241, 1, 7, NULL, NULL, '2015-05-28 17:30:00', '2015-05-28 18:00:00', 'Hr. Bantow', 'akute Beschwerden', NULL, NULL, NULL, '2015-05-28', 0, '2015-05-27 13:44:27'),
(1243, 1, 6, NULL, NULL, '2015-07-01 18:00:00', '2015-07-01 19:00:00', 'Sybille', NULL, NULL, NULL, NULL, '2015-07-01', 0, '2015-05-27 17:05:48'),
(1244, 4, 2, NULL, NULL, '2015-07-01 19:00:00', '2015-07-01 19:30:00', 'Sybille', 'Ma', NULL, NULL, NULL, '2015-07-01', 0, '2015-05-27 17:06:14'),
(1245, 4, 2, NULL, NULL, '2015-06-10 18:00:00', '2015-06-10 18:30:00', 'sYBILLE', NULL, NULL, NULL, NULL, '2015-06-10', 0, '2015-05-27 17:07:17');

-- --------------------------------------------------------

--
-- Tabellenstruktur für Tabelle `location`
--

CREATE TABLE IF NOT EXISTS `location` (
  `id` int(11) NOT NULL AUTO_INCREMENT,
  `name` varchar(255) COLLATE utf8_unicode_ci NOT NULL,
  PRIMARY KEY (`id`)
) ENGINE=InnoDB  DEFAULT CHARSET=utf8 COLLATE=utf8_unicode_ci AUTO_INCREMENT=10 ;

--
-- Daten für Tabelle `location`
--

INSERT INTO `location` (`id`, `name`) VALUES
(1, 'Ma1'),
(2, 'Ma2'),
(3, 'Ma3'),
(4, 'Ma/Bad'),
(5, 'Romantikbad'),
(6, 'Kosmetik'),
(7, 'NH'),
(8, 'Glowe1'),
(9, 'Glowe2');

-- --------------------------------------------------------

--
-- Tabellenstruktur für Tabelle `Notice`
--

CREATE TABLE IF NOT EXISTS `Notice` (
  `id` int(11) NOT NULL AUTO_INCREMENT,
  `user_id` int(11) DEFAULT NULL,
  `text` longtext COLLATE utf8_unicode_ci NOT NULL,
  `createDate` datetime NOT NULL,
  PRIMARY KEY (`id`),
  KEY `IDX_4FA140F4A76ED395` (`user_id`)
) ENGINE=InnoDB DEFAULT CHARSET=utf8 COLLATE=utf8_unicode_ci AUTO_INCREMENT=1 ;

-- --------------------------------------------------------

--
-- Tabellenstruktur für Tabelle `offer`
--

CREATE TABLE IF NOT EXISTS `offer` (
  `id` int(11) NOT NULL AUTO_INCREMENT,
  `service_id` int(11) DEFAULT NULL,
  `offer_start` datetime NOT NULL,
  `offer_end` datetime NOT NULL,
  `offer_price` varchar(255) COLLATE utf8_unicode_ci NOT NULL,
  `create_date` datetime NOT NULL,
  PRIMARY KEY (`id`),
  KEY `IDX_29D6873EED5CA9E6` (`service_id`)
) ENGINE=InnoDB  DEFAULT CHARSET=utf8 COLLATE=utf8_unicode_ci AUTO_INCREMENT=2 ;

--
-- Daten für Tabelle `offer`
--

INSERT INTO `offer` (`id`, `service_id`, `offer_start`, `offer_end`, `offer_price`, `create_date`) VALUES
(1, 66, '2015-04-30 00:00:00', '2015-05-31 00:00:00', '45', '2015-04-30 07:44:17');

-- --------------------------------------------------------

--
-- Tabellenstruktur für Tabelle `pages`
--

CREATE TABLE IF NOT EXISTS `pages` (
  `id` int(11) NOT NULL AUTO_INCREMENT,
  `title` varchar(255) COLLATE utf8_unicode_ci NOT NULL,
  `slug` varchar(255) COLLATE utf8_unicode_ci NOT NULL,
  `content` longtext COLLATE utf8_unicode_ci NOT NULL,
  `type` varchar(255) COLLATE utf8_unicode_ci NOT NULL,
  `published` tinyint(1) NOT NULL,
  `create_date` datetime NOT NULL,
  `last_edit` datetime NOT NULL,
  `parent_id` int(11) DEFAULT NULL,
  PRIMARY KEY (`id`),
  KEY `IDX_2074E575727ACA70` (`parent_id`)
) ENGINE=InnoDB  DEFAULT CHARSET=utf8 COLLATE=utf8_unicode_ci AUTO_INCREMENT=4 ;

--
-- Daten für Tabelle `pages`
--

INSERT INTO `pages` (`id`, `title`, `slug`, `content`, `type`, `published`, `create_date`, `last_edit`, `parent_id`) VALUES
(1, 'Wellness Oase - Sylke Scheduikat', 'wellness-oase-sylke-scheduikat', '<p><img src="../../../../bundles/wo/filemanager/userfiles/pp.png" alt="" width="100" height="26" />Hello, world!</p>\r\n<p>&nbsp;</p>\r\n<table style="height: 30px;" width="212">\r\n<tbody>\r\n<tr>\r\n<td>1</td>\r\n<td>2</td>\r\n<td>3</td>\r\n<td>4</td>\r\n<td>5</td>\r\n</tr>\r\n<tr>\r\n<td>&nbsp;</td>\r\n<td>&nbsp;</td>\r\n<td>&nbsp;</td>\r\n<td>&nbsp;</td>\r\n<td>&nbsp;</td>\r\n</tr>\r\n</tbody>\r\n</table>\r\n<div class="row">\r\n<div class="column">\r\n<div class="ui message main">\r\n<p>This is a template for a simple marketing or informational website. It includes a large callout called a jumbotron and three supporting pieces of content. Use it as a starting point to create something more unique.</p>\r\n<a class="ui blue button">Learn more &raquo;</a></div>\r\n</div>\r\n</div>\r\n<div class="row">\r\n<div class="column">\r\n<h1 class="ui header">Buttons</h1>\r\n<div class="ui divider">&nbsp;</div>\r\n<div class="row m-top-20">\r\n<div class="column button-control"><a class="huge ui button">Default</a> <a class="huge ui blue button">Blue</a> <a class="huge ui green button">Green</a> <a class="huge ui teal button">Teal</a> <a class="huge ui orange button">Orange</a> <a class="huge ui red button">Red</a> <a class="huge ui purple button">Purple</a></div>\r\n</div>\r\n<div class="row m-top-20">\r\n<div class="column button-control"><a class="large ui button">Default</a> <a class="large ui blue button">Blue</a> <a class="large ui green button">Green</a> <a class="large ui teal button">Teal</a> <a class="large ui orange button">Orange</a> <a class="large ui red button">Red</a> <a class="large ui purple button">Purple</a></div>\r\n</div>\r\n<div class="row m-top-20">\r\n<div class="column button-control"><a class="small ui button">Default</a> <a class="small ui blue button">Blue</a> <a class="small ui green button">Green</a> <a class="small ui teal button">Teal</a> <a class="small ui orange button">Orange</a> <a class="small ui red button">Red</a> <a class="small ui purple button">Purple</a></div>\r\n</div>\r\n<div class="row m-top-20">\r\n<div class="column button-control"><a class="mini ui button">Default</a> <a class="mini ui blue button">Blue</a> <a class="mini ui green button">Green</a> <a class="mini ui teal button">Teal</a> <a class="mini ui orange button">Orange</a> <a class="mini ui red button">Red</a> <a class="mini ui purple button">Purple</a></div>\r\n</div>\r\n</div>\r\n</div>\r\n<div class="row">\r\n<div class="column">\r\n<h1 class="ui header">Thumbnails</h1>\r\n<div class="ui divider">&nbsp;</div>\r\n<img class="img-thumbnail" src="//placehold.it/200x200" alt="" /></div>\r\n</div>\r\n<div class="row">\r\n<div class="column">\r\n<h1 class="ui header">Dropdown menus</h1>\r\n<div class="ui divider">&nbsp;</div>\r\n<div class="ui compact menu">\r\n<div class="ui dropdown item dropdown-showcase">Dropdown\r\n<div class="menu">\r\n<div class="item active">Action</div>\r\n<div class="item">Another action</div>\r\n<div class="item">Something else here</div>\r\n<div class="ui horizontal divider">&nbsp;</div>\r\n<div class="item">Seperated link</div>\r\n<div class="item">One more seperated link</div>\r\n</div>\r\n</div>\r\n</div>\r\n</div>\r\n</div>\r\n<div class="row">\r\n<div class="column">\r\n<h1 class="ui header">Navbars</h1>\r\n<div class="ui divider">&nbsp;</div>\r\n<div class="ui menu"><a class="active item"> Green </a> <a class="red item"> Red </a> <a class="blue item"> Blue </a> <a class="orange item"> Orange </a> <a class="purple item"> Purple </a> <a class="teal item"> Teal </a></div>\r\n<div class="ui inverted menu"><a class="active item"> Green </a> <a class="red item"> Red </a> <a class="blue item"> Blue </a> <a class="orange item"> Orange </a> <a class="purple item"> Purple </a> <a class="teal item"> Teal </a></div>\r\n</div>\r\n</div>\r\n<div class="row">\r\n<div class="column">\r\n<h1 class="ui header">Alerts</h1>\r\n<div class="ui divider">&nbsp;</div>\r\n<div class="ui green message">Well done! You successfully read this important alert message.</div>\r\n<div class="ui blue message">Heads up! This alert needs your attention, but it''s not super important.</div>\r\n<div class="ui yellow message">Warning! Best check yo self, you''re not looking too good.</div>\r\n<div class="ui red message">Oh snap! Change a few things up and try submitting again.</div>\r\n</div>\r\n</div>\r\n<div class="row">\r\n<div class="column">\r\n<h1 class="ui header">Progress bars</h1>\r\n<div class="ui blue progress">&nbsp;</div>\r\n<div class="ui green progress">&nbsp;</div>\r\n<div class="ui blue progress">&nbsp;</div>\r\n<div class="ui red progress">&nbsp;</div>\r\n<div class="ui warning progress">&nbsp;</div>\r\n<div class="ui red progress">&nbsp;</div>\r\n</div>\r\n</div>\r\n<div class="row">\r\n<div class="column">\r\n<h1 class="ui headder">List groups</h1>\r\n<div class="ui divider">&nbsp;</div>\r\n<div class="ui three column grid">\r\n<div class="column panel">\r\n<div class="ui top attached segment">\r\n<p>Cras justo odio</p>\r\n</div>\r\n<div class="ui attached segment">\r\n<p>Dapibus ac facilisis in</p>\r\n</div>\r\n<div class="ui attached segment">\r\n<p>Morbi leo risus</p>\r\n</div>\r\n<div class="ui attached segment">\r\n<p>Porta ac consectetur ac</p>\r\n</div>\r\n<div class="ui bottom attached segment">\r\n<p>Vestibulum at eros</p>\r\n</div>\r\n</div>\r\n<div class="column panel">\r\n<div class="ui blue top inverted attached segment">\r\n<p>Cras justo odio</p>\r\n</div>\r\n<div class="ui attached segment">\r\n<p>Dapibus ac facilisis in</p>\r\n</div>\r\n<div class="ui attached segment">\r\n<p>Morbi leo risus</p>\r\n</div>\r\n<div class="ui attached segment">\r\n<p>Porta ac consectetur ac</p>\r\n</div>\r\n<div class="ui bottom attached segment">\r\n<p>Vestibulum at eros</p>\r\n</div>\r\n</div>\r\n<div class="column panel">\r\n<div class="ui blue inverted top attached segment">\r\n<h1 class="ui medium header">List group item heading</h1>\r\n<p style="color: #fff;">Donec id elit non mi porta gravida at eget metus. Maecenas sed diam eget risus varius blandit.</p>\r\n</div>\r\n<div class="ui attached segment">\r\n<h1 class="ui medium header">List group item heading</h1>\r\n<p>Donec id elit non mi porta gravida at eget metus. Maecenas sed diam eget risus varius blandit.</p>\r\n</div>\r\n<div class="ui bottom attached segment">\r\n<h1 class="ui medium header">List group item heading</h1>\r\n<p>Donec id elit non mi porta gravida at eget metus. Maecenas sed diam eget risus varius blandit.</p>\r\n</div>\r\n</div>\r\n</div>\r\n</div>\r\n</div>\r\n<div class="row">\r\n<div class="column">\r\n<h1 class="ui header">Panels</h1>\r\n<div class="ui divider">&nbsp;</div>\r\n<div class="ui three column grid">\r\n<div class="column panel">\r\n<div class="ui secondary inverted top attached segment">Panel title</div>\r\n<div class="ui bottom attached segment">Panel content</div>\r\n<div class="ui inverted top attached segment">Panel title</div>\r\n<div class="ui bottom attached segment">Panel content</div>\r\n</div>\r\n<div class="column panel">\r\n<div class="ui green inverted top attached segment">Panel title</div>\r\n<div class="ui bottom attached segment">Panel content</div>\r\n<div class="ui inverted blue top attached segment">Panel title</div>\r\n<div class="ui bottom attached segment">Panel content</div>\r\n</div>\r\n<div class="column panel">\r\n<div class="ui orange inverted top attached segment">Panel title</div>\r\n<div class="ui bottom attached segment">Panel content</div>\r\n<div class="ui inverted red top attached segment">Panel title</div>\r\n<div class="ui bottom attached segment">Panel content</div>\r\n</div>\r\n</div>\r\n</div>\r\n</div>\r\n<div class="row">\r\n<div class="column">\r\n<h1 class="ui header">Wells</h1>\r\n<div class="ui divider">&nbsp;</div>\r\n<div class="ui segment secondary inverted">\r\n<p>Lorem ipsum dolor sit amet, consectetur adipiscing elit. Maecenas sed diam eget risus varius blandit sit amet non magna. Lorem ipsum dolor sit amet, consectetur adipiscing elit. Praesent commodo cursus magna, vel scelerisque nisl consectetur et. Cras mattis consectetur purus sit amet fermentum. Duis mollis, est non commodo luctus, nisi erat porttitor ligula, eget lacinia odio sem nec elit. Aenean lacinia bibendum nulla sed consectetur.</p>\r\n</div>\r\n</div>\r\n</div>\r\n<!-- build:js scripts/vendor.js -->\r\n<p>&nbsp;</p>\r\n<!-- bower:js -->\r\n<script src="//ajax.googleapis.com/ajax/libs/jquery/1.11.0/jquery.min.js"></script>\r\n<script src="//cdnjs.cloudflare.com/ajax/libs/semantic-ui/0.13.0/javascript/semantic.min.js"></script>\r\n<script src="main.js"></script>\r\n<!-- endbower -->\r\n<p>&nbsp;</p>\r\n<!-- endbuild -->', 'homepage,page', 1, '2010-01-01 00:00:00', '2010-01-01 00:00:00', NULL),
(2, 'Angebote', 'angebote', 'Hier gibs angebote zu sehen', 'category,page', 1, '2010-01-01 00:00:00', '2010-01-01 00:00:00', NULL),
(3, 'Massagen', 'massagen', 'Hier sieht man alle massagen', 'page', 1, '2010-01-01 00:00:00', '2010-01-01 00:00:00', 2);

-- --------------------------------------------------------

--
-- Tabellenstruktur für Tabelle `paymentmethod`
--

CREATE TABLE IF NOT EXISTS `paymentmethod` (
  `id` int(11) NOT NULL AUTO_INCREMENT,
  `name` varchar(255) COLLATE utf8_unicode_ci NOT NULL,
  PRIMARY KEY (`id`)
) ENGINE=InnoDB  DEFAULT CHARSET=utf8 COLLATE=utf8_unicode_ci AUTO_INCREMENT=8 ;

--
-- Daten für Tabelle `paymentmethod`
--

INSERT INTO `paymentmethod` (`id`, `name`) VALUES
(1, 'v.o.'),
(2, 'EC'),
(3, 'Rech.'),
(4, 'Arr.'),
(5, 'GS'),
(6, 'Liste'),
(7, 'bar');

-- --------------------------------------------------------

--
-- Tabellenstruktur für Tabelle `role`
--

CREATE TABLE IF NOT EXISTS `role` (
  `id` int(11) NOT NULL AUTO_INCREMENT,
  `name` varchar(255) COLLATE utf8_unicode_ci NOT NULL,
  `role` varchar(20) COLLATE utf8_unicode_ci NOT NULL,
  PRIMARY KEY (`id`)
) ENGINE=InnoDB  DEFAULT CHARSET=utf8 COLLATE=utf8_unicode_ci AUTO_INCREMENT=5 ;

--
-- Daten für Tabelle `role`
--

INSERT INTO `role` (`id`, `name`, `role`) VALUES
(1, 'Administrator', 'ROLE_ADMIN'),
(2, 'User', 'ROLE_USER'),
(3, 'Super Admin', 'ROLE_SUPER_ADMIN'),
(4, 'Moderator', 'ROLE_MODERATOR');

-- --------------------------------------------------------

--
-- Tabellenstruktur für Tabelle `service`
--

CREATE TABLE IF NOT EXISTS `service` (
  `id` int(11) NOT NULL AUTO_INCREMENT,
  `category_id` int(11) DEFAULT NULL,
  `name` varchar(255) COLLATE utf8_unicode_ci NOT NULL,
  `price` decimal(10,0) NOT NULL,
  `description` longtext COLLATE utf8_unicode_ci NOT NULL,
  `duration` varchar(255) COLLATE utf8_unicode_ci NOT NULL,
  PRIMARY KEY (`id`),
  KEY `IDX_E19D9AD212469DE2` (`category_id`)
) ENGINE=InnoDB  DEFAULT CHARSET=utf8 COLLATE=utf8_unicode_ci AUTO_INCREMENT=67 ;

--
-- Daten für Tabelle `service`
--

INSERT INTO `service` (`id`, `category_id`, `name`, `price`, `description`, `duration`) VALUES
(1, 1, 'RM', '26', 'Massage vom Kreuzbein bis zum Haaransatz zur Entspannung und Muskellockerung', '25'),
(2, 1, 'Rü. ind.', '30', 'Wir behandeln Ihr Rückenproblem individuell mit unterschiedlichen Massage- und Behandlungstechniken. Diese Anwendung wird nur von ausgebildeten Masseuren und Physiotherapeuten durchgeführt.\r\nBeachten Sie auch unser Angebot "Rücken intensiv".', '25'),
(3, 1, 'Anti Stressm.', '29', 'Entspannende Schulter- Nacken- Kopfmassage mit sanfter Dehnung der Halswirbelsäule. Sehr zu empfehlen bei Spannungskopfschmerzen, Nervosität und zum Stressabbau', '25'),
(4, 1, 'GL', '26', 'Sanfte entstauende Massage von Dekolleté, Hals und Gesicht. Insbesondere bei Neigung zu geschwollenen Augen, Kopfschmerzen, Nervosität.', '25'),
(5, 1, 'Kopfschmerz.', '52', 'Besonders wunderbare Kombination aus Anti - Stressmassage und Gesichtslymphdrainage. Beide Anwendungen verstärken sich in der Wirkung und führen zu einer absoluten Entspannung', '50'),
(6, 1, 'Fussrefl.', '26', 'Alle Organe unseres Körpers sind über Energiebahnen mit den Füßen verbunden. Mit dieser Anwendung tun Sie Ihren Füßen und Ihrem Körper etwas Gutes', '25'),
(7, 1, 'Fussmas.', '26', 'Sanfte Ölmassage der Füße und Unterschenkel. Anschließend laufen Sie wie auf Wolken.', '25'),
(8, 1, 'GM', '27', 'Entspannt sichtbar trockene Haut und schenkt Wohlbefinden. Gesichtsreinigung und anschließende Gesichts- und Dekolletè-massage mit hochwertigem Vita SilkOil.', '25'),
(9, 1, 'GK- Sanddmas.', '55', 'Sanfte Massage von Rücken, Bauch, Armen und Beinen mit dem frisch- fruchtigen Sanddornöl.', '50'),
(10, 1, 'GK-Peelingmas.', '59', 'Warmes Aromaöl wird mit feinsten Jojobakügelchen gemischt, die sich bei der Peelingmassage auflösen. Sie werden mit seidig weicher, gut durchbluteter Haut belohnt. Entspannung pur!', '50'),
(11, 1, 'Ges. Hand. Fußmas.', '52', 'Eine etwas andere Massagekombination zum Wohlfühlen. Probieren Sie es einfach aus!', '50'),
(12, 1, 'Massagetraum', '85', 'Genießen Sie eine sanfte Ölmassage von den Haar- bis zu den Zehenspitzen. Entspannung pur!', '80'),
(13, 2, 'GK Kreidep.', '48', 'Das ist die ideale Anwendung um den vollen Therapie- und Entschlackungseffekt der Heilkreide auszuprobieren. Ihr ganzer Körper wird mit dem weichen, warmen, weißen Heilkreideschlamm eingerieben. Dann werden Sie auf unserer extra breiten, beheizbaren Wellnessliege entspannt gelagert und träumen bei sanfter Musik. Um den Therapieeffekt zu unterstützen sollten Sie an diesem Tag viel Wasser trinken und wenn Sie mögen in die Saune gehen, um über das Schwitzen die Ausscheidung der Säuren zu unterstützen.', '50'),
(14, 2, 'GK Kreidep. & GK Sanddornölmass.', '92', 'Genießen Sie eine Ganzkörperpackung mit Original Rügener Heilkreide und einer Ganzkörper-.Sanddornölmassage', '100'),
(15, 2, 'Vollbad mit Rügener Heilkreide', '55', 'Hierbei werden zwei Kilo Rügener Heilkreide in einem Wannenbad aufgelöst. Mit einem Basenpeeling werden alte Hautschüppchen entfernt und die Poren geöffnet um die Heilkreide aufzunehmen. Bei dieser Anwendung kommt es zu einer Übererwärmung des Körpers, was besonders bei rheumatischen Erkrankungen angestrebt wird. Darum sollten Sie sehr kreislaufstabil sein, keine Herzerkrankung oder Blutdruckprobleme haben. Sonst wählen Sie die sanftere Ganzkörperpackung.', '45'),
(16, 2, 'RP Kreide', '24', 'Die Rückenpackung wird warm aufgetragen und führt zu einer gesteigerten Durchblutung der Muskulatur. Wir empfehlen, die Rückenpackung in Verbindung mit einer Massage auszuprobieren.', '25'),
(17, 2, 'Entsp. Rück.', '46', 'Hierbei wird die Rückenpackung mit einer Relax- Rückenmassage verbunden.', '50'),
(18, 2, 'GP', '24', 'Durch die antiallergische Wirkung der Rügener Heilkreide kann diese Gesichtspackung individuell auf jeden Hauttyp abgestimmt werden.\r\nGemischt mit Honig, Milch und Olivenöl für trockene Haut oder nur angerührt mit Wasser bei Akne, entfaltet die Kreide je nach Wunsch ihr nachfettende oder austrocknende Wirkung.', '25'),
(19, 2, 'Rück. int.', '53', 'Wir behandeln Ihr Rückenproblem fachspezifisch und individuell mit unterschiedlichen Massage- und Behandlungstechniken. Anschließend erhalten Sie in der Nachruhe eine Kreidepackung zur Durchblutungsförderung und auch, um eventuellen Muskelkater zu vermeiden.', '50'),
(20, 2, 'Rücken Relax', '49', 'Wir verbinden eine warme Rückenpackung mit einer Hot- Stone Rückenmassage.', '50'),
(21, 2, 'Entsp. Lächeln', '46', 'Sie erhalten eine Gesichtspackung mit Original Rügener Heilkreide, sowie eine entstauende Gesichtslymphdrainage für straffere Gesichtskonturen sowie ein strahlendes Lächeln.', '50'),
(22, 3, 'Kl. Entschlackung', '79', 'Wollen Sie ihren Säure- Basenhaushalt regulieren? Dann wählen Sie dieses Programm! Nach einem Ganzkörperpeeling mit basischem Salz erhalten Sie eine Ganzkörper- Entschlackungspackung. Der Stoffwechsel wird angeregt, das Gewebe entwässert und die Haut gestrafft.', '80'),
(23, 3, 'GK- Basenpeeling', '29', 'Ganzkörper- Peeling mit hochwertigem Edelstein Basensalz', '25'),
(24, 3, 'GK- Entschlackungspackg.', '59', 'Zur Straffung des Bindegewebes und zur Cellulite Behandlung wählen Sie die Entschlackungspackung. Dabei werden Rügener Heilkreide und Algen gemischt und verstärken gegenseitig ihre Wirkung.', '50'),
(25, 3, 'gr. Entschlackungspr.', '99', 'Sie wollten sich schon immer etwas Gutes tun und nehmen sich nie die Zeit dazu? Dann machen Sie es jetzt!\r\nNach einem Ganzkörperpeeling mit einem Edelstein- Basensalz erhalten Sie ein basisches Vollbad, anschließend erfolgt eine Ganzkörpermassage mit straffendem Zitronenöl.', '100'),
(26, 3, 'Entschlackung pur', '111', 'Diese Kombination aus einer Ganzkörper Entschlackungspackung in Verbindung mit einer Hot Stone Entsäuerungsmassage sorgt dafür, dass Ihr Stoffwechsel in Gang gebracht wird und Sie vermehrt überschüssige Säuren ausscheiden. Die Haut wird gestrafft und samtweich. Sie werden komplett aufgewärmt und fühlen sich rundum wohl.', '100'),
(27, 4, 'Hot Stone RM', '29', 'Wenn Sie eine Rückenmassage möchten die nicht weh tut, aber trotzdem Verspannungen löst, dann probieren Sie doch einmal diese Massage mit warmen Steinen aus!', '25'),
(28, 4, 'Hot Stone GM', '29', 'Eine Gesichtsmassage mit Steinen ist unglaublich wohltuend. Warme Steine sorgen dabei für eine Tiefenentspannung und Schläfrigkeit. Die kühlen Marmorsteine erfrischen, straffen und können auch bei Couperose eingesetzt werden.', '25'),
(29, 4, 'Hot Stone Kombi', '58', 'Sehr zu empfehlen ist auch unsere Kombination aus Hot Stone Rücken-, Schulter-, Nacken- und Gesichtsmassage. Diese Anwendung tut besonders gut, wenn man sehr gestresst und nervös ist und zu Spannungskopfschmerzen neigt.', '50'),
(30, 4, 'Hot Stone GK', '58', 'Bei dieser besonders entspannenden Massage wird der ganze Körper mit warmen Steinen und ausgesuchten Ölen massiert. Sie werden ruhig, müde und lassen sich einfach in die Behandlung fallen.', '50'),
(31, 4, 'Hot Stone Ents.', '64', 'Der Ablauf ist wie bei der Hot Stone Ganzkörpermassage. Zusätzlich wird ein basisches Salz einmassiert, das den Säure-Basenstoffwechsel in Gang setzt. Der Körper nimmt über die Haut Basen auf und scheidet überschüssige Säuren aus. Der schönste Nebeneffekt ist eine samtweiche Haut.', '50'),
(32, 5, 'Cremepack.', '59', 'Diese Ganzkörperpackung wird insbesondere bei sehr trockener und schuppiger, sowie sensibler Haut angewendet. Sie führt zu einer intensiven Befeuchtung der Haut und entspannt diese sichtbar.', '50'),
(33, 5, 'Samtweiche Haut', '99', 'Genießen Sie eine sanfte Peelingmassage mit warmem Sanddornöl für den ganzen Körper und eine Sanddornölcremepackung. Sie werden mit einer samtweichen Haut belohnt.', '100'),
(34, 5, 'Frisch und Fruchtig', '99', 'Lassen Sie sich verzaubern vom frischen Duft des Sanddornöls. Genießen Sie ein Sanddornöl- Meersalzpeeling, Sanddornölbad und eine regenerierende Sanddornölmassage.', '100'),
(35, 5, 'Rügen spezial', '65', 'Das ist unsere beliebteste Kombination aus entspannender Sanddornölrückenmassage, warmer Rückenpackung mit Rügener Heilkreide und anregender Sanddornöl- Fußmassage während die Packung wirken kann.', '50'),
(36, 5, 'Sanddornöl Kombi', '58', 'Genießen Sie ein Ganzkörper- Sanddornöl- Meersalzpeeling und eine erfrischende Sanddornöl Gesichtsmassage.', '50'),
(37, 6, 'Romantikbad', '55', 'Sie genießen ein duftendes Bad zu zweit bei sanfter Musik und Kerzenschein mit einem Glas Sekt und süßer Köstlichkeit.', '30'),
(38, 6, 'Romantikbad & RM', '99', 'Erweitern Sie das romantische Bad zu zweit um eine entspannende Rückenmassage pro Person, für noch mehr Wohlbefinden.', '55'),
(39, 6, 'Samtweiche Haut für zwei', '99', 'Genießen Sie ein Ganzkörper- Peeling, welches Ihre Haut samtweich macht und anschließend treffen Sie sich zum Romantikbad.', '55'),
(40, 7, 'Kl. Kosmetik', '52', 'Alle Produkte für diese Behandlung werden auf ihren Hauttyp abgestimmt. Reinigung, Hautdiagnose, Peeling, Vapozon, Ausreinigen, Tonisieren, Maske, ausführliche Gesichts-, Hals-, Nacken- und Dekolletémassage.', '55'),
(41, 7, 'Gr. Kosmetik', '77', 'Sie werden mit einem strahlenden Gesicht belohnt!\r\nWie die kleine Gesichtsbehandlung + Einarbeiten einer Aloe Vera Bio Skin Lift Ampulle mit Soforteffekt + Augenwimpern färben + Augenbrauen faconieren und färben.', '80'),
(42, 7, 'Meeresbrise', '59', 'Meeresschaum Gesichtsreinigung, Ausreinigen, Tonisieren, Original Rügener Heilkreide Gesichtsmaske, Energie- Gesichtsmassage, Hydro Marin Abschlusspflege.', '55'),
(43, 7, 'Zusatzanwendungen', '8', 'Die folgenden Anwendungen können zusätzlich zu einer Gesichtsbehandlung gebucht werden:\r\nAugenbrauen faconieren - 12 €\r\nWimpern färben - 12 €\r\nAugenbrauen färben - 10 €\r\nGesichtsenthaarung mit Wachs - 8 €\r\nAmpulle (je nach Hauttyp) - 8 €', '0'),
(44, 7, 'Augen pur', '30', 'Augenbrauen zupfen, färben und Wimpern färben. Die Korrektur der Augenbrauen sowie das Färben von Augenbrauen und Wimpern gestaltet das Gesicht häufig viel ausdrucksvoller.', '25'),
(45, 7, '"Strahlende Augen"', '57', 'Nach einer Meeresschaum- Gesichtsreinigung werden die Augenbrauen in Form gebracht und gefärbt. Die Wimpern werden ebenfalls frisch gefärbt. Anschließend werden Anti Aging Beauty Pads mit Collagen zur Faltenreduzierung um die Augen fixiert. Zeitgleich wird das ganze mit einer Feuchtigkeitsmaske verwöhnt. Zum Schluss erhalten Sie eine Augenmassage mit Augencreme und eine Abschlusspflege.', '55'),
(46, 7, 'Regenrationsbehandlung mit Meereswirkstoffen', '85', 'Diese Aufbaubehandlung für Gesicht, Hals- und Dekolleté wirkt verjüngend und zeigt schon bei einmaliger Anwendung ein verblüffendes Ergebnis. Die Bio- Cellularprdoukte sind auf Algenbasis mit hochwertigem Vitamin E hergestellt. Diese Behandlung eignet sich insbesondere bei trockener und reifer Haut, bei nachlassender Elastizität und Fältchenbildung. Ihre Haut wird mit Feuchtigkeit gesättigt und dankt es Ihnen mit einem wesentlich glatteren Aussehen.', '80'),
(47, 7, '"Gepflegte Hände"', '52', 'Sie erhalten ein Handbad, Handpeeling, Maniküre, Handpackung und Handmassage. Ihre Hände danken es ihnen mit samtweicher Haut und gepflegtem Aussehen.', '55'),
(48, 7, 'Beatuy for Men', '55', 'Spezielle Gesichtsbehandlung für Ihn, auf die Besonderheiten der männlichen Haut abgestimmt.', '55'),
(49, 7, '"Flinke Füße"', '52', 'Sie erhalten ein Fußbad, Fußpeeling, Pediküre, Fußpackung und Fußmassage. Sie schweben wie auf Wolke 7.', '55'),
(50, 7, 'Anti Couperose Beh.', '55', 'Entstaut und mildert sichtbar rote und blaue Äderchen im Gesicht. Die meist sehr empfindliche und sensible Haut mit Neigung zu erweiterten Äderchen wird hierbei mit hochwertigen Anti Couperose Produkten sowie einer entstauenden Gesichtslymphdrainage behandelt.', '55'),
(51, 8, 'Verwöhnprogramm für Sie', '122', 'Kleine Gesichts-, Hals- und Dekolletébehandlung\r\nAnti Stressmassage\r\nRückenpackung mit Rügener Heilkreide \r\nEnergie Fußmassage', '120'),
(52, 8, 'Verwöhnprogramm für Ihn', '122', 'Anti Stressmassage\r\nRückenpackung mit Rügener Heilkreide \r\nBeauty for Men Gesichtsbehandlung\r\nEnergie Fußmassage', '120'),
(53, 8, 'Der Rücken wird es danken', '144', 'Für dieses Programm benötigen wir 3 Behandlungstage!\r\n1 x Relax Rückenmassage\r\n1 x Anti Stressmassage\r\n1 x Hot Stone Rückenmassage\r\n3 x Rückenpackung mit Rügener Heilkreide \r\nEs werden immer eine Massage und eine Kreidepackung miteinander kombiniert.', '50'),
(54, 8, 'Rügener Heilkreide und Sanddorn', '144', 'Für dieses Programm benötigen wir 1-2 Behandlungstage!\r\n1 x Sanddornöl Gesichtsmassage\r\n1 x Gesichtspackung mit Rügener Heilkreide\r\n1 x Ganzkörper Sanddornölmassage\r\n1 x Ganzkörperpackung mit Rügener Heilkreide', '180'),
(55, 9, 'Halswirbelsäule Spezial', '35', 'Hier liegt das Hauptaugenwerk auf der Behandlung der tiefen Hals- und Nackenmuskulatur aus der Rückenlage. Ich arbeite dabei mit unterschiedlichen Massagetechniken, Akupressur und sanfter Dehnung. Sie können sich anschließend freier bewegen und Sie haben das Gefühl als wäre Ihnen eine Last von den Schultern gefallen. Besonders zu empfehlen bei Verspannungen im Schulter-, Nachenbereich, bei Konzentrationsstörungen und Bewegungseinschränkungen von Hals und Kopf.', '25'),
(56, 9, 'Craniosacrale Therapie', '65', 'Dies ist eine sehr sanfte und wohltuende Therapie aus dem Bereich der Osteopathie. Die Therapie geht vom Schädel bis zum Kreuzbein. Es werden dabei insbesondere die Halswirbel sanft in die richtige Position gebracht. Die Rückenmarksflüssigkeit kann wieder frei fließen und der Gang wird aufrechter. Besonders hilfreich ist diese Therapie bei Migräne, Burnout, Nervosität, Schwindel, Tinnitus, Spannungskopfschmerzen, starken Verspannungen im Brustwirbel-, Hals- und Nackenbereich.', '45'),
(57, 9, 'Beratung', '35', 'Beratung', '35'),
(58, 9, 'Akutbehandlung', '35', 'Akutbehandlung', '35'),
(59, 9, 'Osteopathie', '80', 'Diese Therapie wird meistens bei chronischen Beschwerden im Bewegungsapparat eingesetzt. Dabei wird nicht das eigentliche Symptom behandelt. Der Mensch wird insgesamt gesehen. Ein Beispiel: Kreuzschmerzen können auch von einer verspannten Bauchmuskulatur kommen. Oder Schmerzen unter dem rechten Schulterblatt weil sich die Leber in Ihrer eigentlichen Lage verändert hat. Nach einem Gespräch führe ich die Untersuchung durch, die oft unmerklich in die Behandlung übergeht. Viele gesetzliche Krankenkassen übernehmen die Kosten für Osteopathie bereits teilweise. Wenn die Kostenübernahmen für Sie entscheidend für eine Behandlung ist, erkundigen Sie sich bitte vor Terminabsprache ob Ihre Krankenkasse die Kosten übernimmt. Ich bin Mitglied im "Verband freier Osteopathen e.V." (VfO).', '45'),
(60, 9, 'Kinesio Taping', '15', 'Beim Kinesio- Taping werden elastische Bänder in unterschiedlichen Mustern auf die Haut geklebt. Dadurch wird der Lymphfluss im behandelten Bereich angeregt. Mit der Lymphe werden Entzündungsstoffe aus dem therapierten Gebiet abtransportiert. Die Schmerzlinderung und Heilung wird unterstützt. Der behandelte Bereich ist weiterhin beweglich, wird aber trotzdem gestützt. Sehr zu empfehlen ist das Taping in Verbindung mit der Craniosacralen oder viszeralen Osteopathie, aber auch bei Verletzungen oder chronischen Schmerzen einzelner Gelenke.', '15'),
(61, 9, 'Reiki', '65', 'Reiki heißt universelle Energie. Durch das Auflegen der Hände auf die Energiezentren des Körpers wird Energie übertragen. Diese Anwendung wird sehr beruhigend und löst keinen zusätzlichen Reiz im Körper aus. Reiki ist besonders geeignet bei Erschöpfung, Überforderung, depressiven Verstimmungen und allen chronischen Krankheiten.', '45'),
(62, 9, 'Manuelle Lymphdrainage', '65', 'Das Lymphgefäßsystem ist neben dem Blutkreislauf das zweite große Gefäßsystem in unserem Körper. Mit der Lymphdrainage werden Schlacke und Entzündungsstoffe aus unserem Körper abtransportiert. Funktioniert der Lymphabfluss nicht, kommt es zum Beispiel zu geschwollenen Händen oder Füßen. Oder man hat das Gefühl, das Gesicht ist geschwollen oder der Bauch aufgetrieben. Außerdem eignet sich diese sanfte Form der Behandlung sehr zur Unterstützung bei Fastenkuren und Ernährungsumstellung.', '45'),
(63, 9, 'Bachblütentherapie- Die Seele ins Gleichgewicht bringen', '70', 'Dr. Bach erkannte, das seelische Ungleichgewichte für das Auftreten von Krankheiten verantwortlich sein können. Bachblüten helfen, mit negativen Gefühlen (z.B. Angst, Unsicherheit, Ungeduld, Trauer, Hoffnungslosigkeit usw.) besser klar zu kommen. Die Bachblüten helfen insbesondere bei großen Umbrüchen in der Lebensplanung wie z.B. Berufswechsel, Trennungen, Familienplanung, während oder nach überstandenen Krankheiten, psychischen Belastungen, in der Pubertät und Wechseljahren. Nach einem ausführlichen Gespräch werden die für Sie in Frage kommenden Bachblüten kinesiologisch ausgetestet. Sie erhalten Ihre persönliche fertig gemixte Bachblütenmischung sofort zum Mitnehmen.', '50'),
(64, 9, 'Homöopathie', '140', 'Die Homöopathie geht davon aus, dass Krankheitssymptome nicht die Krankheit selbst sind, sondern Reaktionen auf die Störursachen, die zeigen, dass der Körper selbsttätig wieder das Gleichgewicht herstellen will. Die Homöopathie versucht also nicht die Symptome zu unterdrücken, sondern die Selbstheilungskräfte des Körpers anzuregen.\r\nSie wirkt überall dort wo die Körpereigene Regulation noch erhalten ist und grundsätzlich eine Möglichkeit zur Selbstheilung besteht. Dies gilt für viele akute Erkrankungen, besonders solche im Kindesalter und für psychosomatische oder chronische Krankheiten.\r\nEine homöopathische Behandlung ist sehr aufwendig. Es kann nur das richtige Mittel gefunden werden, wenn der Behandler nicht nur die Krankheitszeichen, sondern den Patienten insgesamt sehr gut kennt.', '120'),
(65, 9, 'Muskelentspannung nach Jacobsen', '65', 'Das ist ein einfach zu erlernendes Entspannungsverfahren. Es ist für jeden geeignet und lässt sich sehr gut zu Hause und auf der Arbeit umsetzen. Vorerkrankungen oder Alter spielen dabei keine Rolle. Jeder der innerlich zur Ruhe kommen möchte, ist nach dieser Behandlungseinheit dazu in der Lage. Besonders geeignet bei nervösen Unruhezuständen, zum Stressabbau, bei Angststörungen und allen chronischen Erkrankungen.', '45'),
(66, NULL, 'Rügen entspannt genießen', '45', 'Sanddornöl- Rückenmassage & warme Rückenpackung mit Rügener Heilkreide', '50');

-- --------------------------------------------------------

--
-- Tabellenstruktur für Tabelle `servicecategory`
--

CREATE TABLE IF NOT EXISTS `servicecategory` (
  `id` int(11) NOT NULL AUTO_INCREMENT,
  `name` varchar(255) COLLATE utf8_unicode_ci NOT NULL,
  PRIMARY KEY (`id`)
) ENGINE=InnoDB  DEFAULT CHARSET=utf8 COLLATE=utf8_unicode_ci AUTO_INCREMENT=11 ;

--
-- Daten für Tabelle `servicecategory`
--

INSERT INTO `servicecategory` (`id`, `name`) VALUES
(1, 'Massagen'),
(2, 'Rügener Heilkreide'),
(3, 'Sanft entschlacken'),
(4, 'Hot Stone Therapie'),
(5, 'Sanddorn - Typisch Rügen'),
(6, 'Verliebt, verlobt, verheiratet?'),
(7, 'Kosmetik Anwendungen'),
(8, 'Verwöhnangebote'),
(9, 'Naturheilpraxis'),
(10, 'Sonderangebote');

-- --------------------------------------------------------

--
-- Tabellenstruktur für Tabelle `users`
--

CREATE TABLE IF NOT EXISTS `users` (
  `id` int(11) NOT NULL AUTO_INCREMENT,
  `username` varchar(50) COLLATE utf8_unicode_ci NOT NULL,
  `password` varchar(64) COLLATE utf8_unicode_ci NOT NULL,
  `email` varchar(255) COLLATE utf8_unicode_ci NOT NULL,
  `firstname` varchar(255) COLLATE utf8_unicode_ci NOT NULL,
  `lastname` varchar(255) COLLATE utf8_unicode_ci NOT NULL,
  `street` varchar(255) COLLATE utf8_unicode_ci NOT NULL,
  `zip` varchar(10) COLLATE utf8_unicode_ci NOT NULL,
  `city` varchar(255) COLLATE utf8_unicode_ci NOT NULL,
  `create_date` datetime NOT NULL,
  `last_login` datetime NOT NULL,
  `salt` varchar(32) COLLATE utf8_unicode_ci NOT NULL,
  PRIMARY KEY (`id`),
  UNIQUE KEY `UNIQ_1483A5E9F85E0677` (`username`),
  UNIQUE KEY `UNIQ_1483A5E9E7927C74` (`email`)
) ENGINE=InnoDB  DEFAULT CHARSET=utf8 COLLATE=utf8_unicode_ci AUTO_INCREMENT=8 ;

--
-- Daten für Tabelle `users`
--

INSERT INTO `users` (`id`, `username`, `password`, `email`, `firstname`, `lastname`, `street`, `zip`, `city`, `create_date`, `last_login`, `salt`) VALUES
(6, 'admin', '$2y$12$aaf8a1d756ad2e7121f34eJfZxcZ3aaxFRO3k1IUNZq4wOdcU2igq', 'Tom.Scheduikat@gmail.com', 'tom', 'scheduikat', 'Koppelring 30b', '18573', 'Altefähr', '2015-02-15 15:13:00', '2010-01-01 00:00:00', 'aaf8a1d756ad2e7121f34e78934ee00d'),
(7, 'wellnessoase', '$2y$12$3f158d11733b84cba510aOTHwuV00yrSrRf7ICN2ogBUgitMIzQ6a', 'wellness-oase-ruegen@web.de', 'wellness', 'oase', 'straße', '12435', 'Juliusruh', '2015-03-08 22:19:00', '2010-01-01 00:00:00', '3f158d11733b84cba510aa44246e77d3');

-- --------------------------------------------------------

--
-- Tabellenstruktur für Tabelle `user_role`
--

CREATE TABLE IF NOT EXISTS `user_role` (
  `user_id` int(11) NOT NULL,
  `role_id` int(11) NOT NULL,
  PRIMARY KEY (`user_id`,`role_id`),
  KEY `IDX_2DE8C6A3A76ED395` (`user_id`),
  KEY `IDX_2DE8C6A3D60322AC` (`role_id`)
) ENGINE=InnoDB DEFAULT CHARSET=utf8 COLLATE=utf8_unicode_ci;

--
-- Daten für Tabelle `user_role`
--

INSERT INTO `user_role` (`user_id`, `role_id`) VALUES
(6, 3),
(7, 1);

-- --------------------------------------------------------

--
-- Tabellenstruktur für Tabelle `worktime`
--

CREATE TABLE IF NOT EXISTS `worktime` (
  `id` int(11) NOT NULL AUTO_INCREMENT,
  `employee_id` int(11) DEFAULT NULL,
  `date` date NOT NULL,
  `timerange` varchar(255) COLLATE utf8_unicode_ci DEFAULT NULL,
  `start` time NOT NULL,
  `end` time NOT NULL,
  `location` varchar(255) COLLATE utf8_unicode_ci DEFAULT NULL,
  `free` tinyint(1) DEFAULT NULL,
  `vacation` tinyint(1) DEFAULT NULL,
  `sick` tinyint(1) DEFAULT NULL,
  `on_demand` tinyint(1) DEFAULT NULL,
  PRIMARY KEY (`id`),
  KEY `IDX_A1E7B4758C03F15C` (`employee_id`)
) ENGINE=InnoDB  DEFAULT CHARSET=utf8 COLLATE=utf8_unicode_ci AUTO_INCREMENT=425 ;

--
-- Daten für Tabelle `worktime`
--

INSERT INTO `worktime` (`id`, `employee_id`, `date`, `timerange`, `start`, `end`, `location`, `free`, `vacation`, `sick`, `on_demand`) VALUES
(1, 2, '2015-02-24', '8-20 ', '00:00:00', '00:00:00', NULL, NULL, NULL, NULL, NULL),
(2, 1, '2015-02-25', '12-18', '00:00:00', '00:00:00', NULL, NULL, NULL, NULL, NULL),
(3, 1, '2015-02-24', '8-14', '00:00:00', '00:00:00', NULL, NULL, NULL, NULL, NULL),
(4, 2, '2015-02-26', '10-18', '00:00:00', '00:00:00', NULL, NULL, NULL, NULL, NULL),
(13, 1, '2015-03-05', '8-20', '00:00:00', '00:00:00', NULL, NULL, NULL, NULL, NULL),
(14, 2, '2015-03-08', '9-16', '00:00:00', '00:00:00', NULL, NULL, NULL, NULL, NULL),
(15, 3, '2015-03-08', '08:00 - 15:00', '08:00:00', '15:00:00', NULL, 0, 0, 0, 0),
(16, 4, '2015-03-08', '08:00 - 08:00', '08:00:00', '08:00:00', NULL, 0, 0, 0, 1),
(17, 1, '2015-03-08', '08:00 - 08:00', '08:00:00', '08:00:00', NULL, 1, 0, 0, 0),
(18, 1, '2015-03-16', '9.30-18.00', '00:00:00', '00:00:00', NULL, NULL, NULL, NULL, NULL),
(19, 2, '2015-03-16', '10.30-18.00', '00:00:00', '00:00:00', NULL, NULL, NULL, NULL, NULL),
(20, 3, '2015-03-16', 'krank', '00:00:00', '00:00:00', NULL, NULL, NULL, NULL, NULL),
(21, 2, '2015-03-17', '10.00- 18.00', '00:00:00', '00:00:00', NULL, NULL, NULL, NULL, NULL),
(22, 1, '2015-03-17', '09.30 - 18.00', '00:00:00', '00:00:00', NULL, NULL, NULL, NULL, NULL),
(23, 4, '2015-03-17', 'Urlaub', '00:00:00', '00:00:00', NULL, NULL, NULL, NULL, NULL),
(24, 3, '2015-03-17', 'krank', '00:00:00', '00:00:00', NULL, NULL, NULL, NULL, NULL),
(25, 3, '2015-03-18', 'Krank', '00:00:00', '00:00:00', NULL, NULL, NULL, NULL, NULL),
(26, 2, '2015-03-18', '10.30 -18', '00:00:00', '00:00:00', NULL, NULL, NULL, NULL, NULL),
(27, 1, '2015-03-19', '09.30 - 18.00', '00:00:00', '00:00:00', NULL, NULL, NULL, NULL, NULL),
(28, 2, '2015-03-19', '10.30.- 20.00', '00:00:00', '00:00:00', NULL, NULL, NULL, NULL, NULL),
(29, 3, '2015-03-19', 'krank', '00:00:00', '00:00:00', NULL, NULL, NULL, NULL, NULL),
(30, 4, '2015-03-19', '15.00 - 20.00', '00:00:00', '00:00:00', NULL, NULL, NULL, NULL, NULL),
(31, 4, '2015-03-18', 'Urrlaub', '00:00:00', '00:00:00', NULL, NULL, NULL, NULL, NULL),
(32, 1, '2015-03-20', '09.30 - 15.00', '00:00:00', '00:00:00', NULL, NULL, NULL, NULL, NULL),
(33, 2, '2015-03-20', '10.30 - 20.00', '00:00:00', '00:00:00', NULL, NULL, NULL, NULL, NULL),
(34, 3, '2015-03-20', 'krank', '00:00:00', '00:00:00', NULL, NULL, NULL, NULL, NULL),
(35, 4, '2015-03-20', '15.00-20.00', '00:00:00', '00:00:00', NULL, NULL, NULL, NULL, NULL),
(36, 1, '2015-03-21', '09.30 - 17.00', '00:00:00', '00:00:00', NULL, NULL, NULL, NULL, NULL),
(37, 2, '2015-03-21', '09.30 - 20.00', '00:00:00', '00:00:00', NULL, NULL, NULL, NULL, NULL),
(38, 3, '2015-03-21', 'krank', '00:00:00', '00:00:00', NULL, NULL, NULL, NULL, NULL),
(39, 4, '2015-03-21', '15.00 - 20.00', '00:00:00', '00:00:00', NULL, NULL, NULL, NULL, NULL),
(40, 3, '2015-03-22', 'krank', '00:00:00', '00:00:00', NULL, NULL, NULL, NULL, NULL),
(41, 1, '2015-03-22', '09.00 - 12.30', '00:00:00', '00:00:00', NULL, NULL, NULL, NULL, NULL),
(42, 2, '2015-03-22', '09.00 - 12.30', '00:00:00', '00:00:00', NULL, NULL, NULL, NULL, NULL),
(43, 4, '2015-03-22', '09.00 -  11.30', '00:00:00', '00:00:00', NULL, NULL, NULL, NULL, NULL),
(44, 1, '2015-03-23', '09.30 - 18.00', '00:00:00', '00:00:00', NULL, NULL, NULL, NULL, NULL),
(45, 1, '2015-03-24', '09.30 - 18.00', '00:00:00', '00:00:00', NULL, NULL, NULL, NULL, NULL),
(46, 1, '2015-03-25', 'Frei', '00:00:00', '00:00:00', NULL, NULL, NULL, NULL, NULL),
(47, 4, '2015-03-25', '15.00- 20.00', '00:00:00', '00:00:00', NULL, NULL, NULL, NULL, NULL),
(48, 1, '2015-03-26', '09.30 - 18.00', '00:00:00', '00:00:00', NULL, NULL, NULL, NULL, NULL),
(49, 2, '2015-03-26', '12.30-20.00', '00:00:00', '00:00:00', NULL, NULL, NULL, NULL, NULL),
(50, 1, '2015-03-27', '09.30 - 15.00', '00:00:00', '00:00:00', NULL, NULL, NULL, NULL, NULL),
(51, 4, '2015-03-27', '15.00 - 20.00', '00:00:00', '00:00:00', NULL, NULL, NULL, NULL, NULL),
(52, 2, '2015-03-23', '10.30. - 20.00', '00:00:00', '00:00:00', NULL, NULL, NULL, NULL, NULL),
(53, 2, '2015-03-24', '10.30. -18.00', '00:00:00', '00:00:00', NULL, NULL, NULL, NULL, NULL),
(54, 2, '2015-03-25', '09,30. -18.00', '00:00:00', '00:00:00', NULL, NULL, NULL, NULL, NULL),
(55, 4, '2015-03-26', 'Urlaub', '00:00:00', '00:00:00', NULL, NULL, NULL, NULL, NULL),
(56, 4, '2015-03-28', '15.00-20.00', '00:00:00', '00:00:00', NULL, NULL, NULL, NULL, NULL),
(57, 2, '2015-03-28', '09.30- 18.00', '00:00:00', '00:00:00', NULL, NULL, NULL, NULL, NULL),
(58, 1, '2015-03-28', '09.30. - 14.00', '00:00:00', '00:00:00', NULL, NULL, NULL, NULL, NULL),
(59, 1, '2015-03-30', '09.30 - 18.00', '00:00:00', '00:00:00', NULL, NULL, NULL, NULL, NULL),
(60, 2, '2015-03-30', '10.30 - 20.00', '00:00:00', '00:00:00', NULL, NULL, NULL, NULL, NULL),
(61, 3, '2015-03-30', '09.30 - 16.00', '00:00:00', '00:00:00', NULL, NULL, NULL, NULL, NULL),
(62, 1, '2015-03-31', '09.30 - 18.00', '00:00:00', '00:00:00', NULL, NULL, NULL, NULL, NULL),
(63, 3, '2015-03-31', '09.30 - 16.00', '00:00:00', '00:00:00', NULL, NULL, NULL, NULL, NULL),
(64, 2, '2015-03-31', '10.30 - 18.30', '00:00:00', '00:00:00', NULL, NULL, NULL, NULL, NULL),
(65, 2, '2015-04-01', '12.30. - 20.00', '00:00:00', '00:00:00', NULL, NULL, NULL, NULL, NULL),
(66, 3, '2015-04-01', '09.30.16.00', '00:00:00', '00:00:00', NULL, NULL, NULL, NULL, NULL),
(68, 1, '2015-04-02', '09.30. - 18.00', '00:00:00', '00:00:00', NULL, NULL, NULL, NULL, NULL),
(69, 2, '2015-04-02', '12.30 - 20.00', '00:00:00', '00:00:00', NULL, NULL, NULL, NULL, NULL),
(70, 4, '2015-04-02', '15.00 - 20.00', '00:00:00', '00:00:00', NULL, NULL, NULL, NULL, NULL),
(71, 1, '2015-04-03', '9.30-13.00', '00:00:00', '00:00:00', NULL, NULL, NULL, NULL, NULL),
(72, 3, '2015-04-03', '09.30 - 12.30', '00:00:00', '00:00:00', NULL, NULL, NULL, NULL, NULL),
(73, 4, '2015-04-03', '15.00 - 20.00', '00:00:00', '00:00:00', NULL, NULL, NULL, NULL, NULL),
(74, 2, '2015-04-03', 'frei', '00:00:00', '00:00:00', NULL, NULL, NULL, NULL, NULL),
(75, 1, '2015-04-04', '09.30. - 17.00', '00:00:00', '00:00:00', NULL, NULL, NULL, NULL, NULL),
(76, 3, '2015-04-04', '09.30 - 16.00', '00:00:00', '00:00:00', NULL, NULL, NULL, NULL, NULL),
(77, 2, '2015-04-04', '12.30 - 20.00', '00:00:00', '00:00:00', NULL, NULL, NULL, NULL, NULL),
(78, 4, '2015-04-04', '15:00 - 19:00', '15:00:00', '19:00:00', NULL, 0, 0, 0, 0),
(79, 1, '2015-04-06', '09.30', '00:00:00', '00:00:00', NULL, NULL, NULL, NULL, NULL),
(80, 2, '2015-04-06', '12.30 - 20.00', '00:00:00', '00:00:00', NULL, NULL, NULL, NULL, NULL),
(81, 3, '2015-04-06', '09.30 - 16.00', '00:00:00', '00:00:00', NULL, NULL, NULL, NULL, NULL),
(82, 4, '2015-04-06', 'frei', '00:00:00', '00:00:00', NULL, NULL, NULL, NULL, NULL),
(83, 1, '2015-04-07', '09.30 - 18.00', '00:00:00', '00:00:00', NULL, NULL, NULL, NULL, NULL),
(84, 2, '2015-04-07', '12.30. - 20.00', '00:00:00', '00:00:00', NULL, NULL, NULL, NULL, NULL),
(85, 3, '2015-04-07', '09.30 - 16.00', '00:00:00', '00:00:00', NULL, NULL, NULL, NULL, NULL),
(87, 2, '2015-04-08', '11.00. - 20.00', '00:00:00', '00:00:00', NULL, NULL, NULL, NULL, NULL),
(88, 3, '2015-04-08', '09:30 - 15:00', '09:30:00', '15:00:00', NULL, 0, 0, 0, 0),
(89, 4, '2015-04-08', '15.00 - 20.00', '00:00:00', '00:00:00', NULL, NULL, NULL, NULL, NULL),
(90, 1, '2015-04-09', '09.30 - 18.00', '00:00:00', '00:00:00', NULL, NULL, NULL, NULL, NULL),
(91, 2, '2015-04-09', '12.30 - 20.00', '00:00:00', '00:00:00', NULL, NULL, NULL, NULL, NULL),
(92, 4, '2015-04-09', 'Urlaub', '00:00:00', '00:00:00', NULL, NULL, NULL, NULL, NULL),
(93, 1, '2015-04-10', '09.30. - 15.00', '00:00:00', '00:00:00', NULL, NULL, NULL, NULL, NULL),
(94, 2, '2015-04-10', '14.30. - 20.00', '00:00:00', '00:00:00', NULL, NULL, NULL, NULL, NULL),
(95, 3, '2015-04-10', '09.30 - 16.00', '00:00:00', '00:00:00', NULL, NULL, NULL, NULL, NULL),
(96, 4, '2015-04-10', '15.00 - 20.00', '00:00:00', '00:00:00', NULL, NULL, NULL, NULL, NULL),
(97, 1, '2015-04-11', '09.30. - 14.00', '00:00:00', '00:00:00', NULL, NULL, NULL, NULL, NULL),
(98, 2, '2015-04-11', '9.30 - 15.00', '00:00:00', '00:00:00', NULL, NULL, NULL, NULL, NULL),
(99, 3, '2015-04-11', 'frei', '00:00:00', '00:00:00', NULL, NULL, NULL, NULL, NULL),
(100, 4, '2015-04-11', '15.00 - 20.00', '00:00:00', '00:00:00', NULL, NULL, NULL, NULL, NULL),
(101, 1, '2015-04-13', '09.30 - 18.00', '00:00:00', '00:00:00', NULL, NULL, NULL, NULL, NULL),
(102, 2, '2015-04-13', '12:30 - 20:00', '12:30:00', '20:00:00', NULL, NULL, NULL, NULL, NULL),
(103, 3, '2015-04-13', '09.30 - 16.00', '00:00:00', '00:00:00', NULL, NULL, NULL, NULL, NULL),
(104, 1, '2015-04-14', '09.30 - 18.00', '00:00:00', '00:00:00', NULL, NULL, NULL, NULL, NULL),
(106, 3, '2015-04-14', '09.30 - 16.00', '00:00:00', '00:00:00', NULL, NULL, NULL, NULL, NULL),
(107, 4, '2015-04-14', '15.00 - 20.00', '00:00:00', '00:00:00', NULL, NULL, NULL, NULL, NULL),
(108, 4, '2015-03-24', '15.00-20.00', '00:00:00', '00:00:00', NULL, NULL, NULL, NULL, NULL),
(109, 2, '2015-03-27', '12.30-20.00', '00:00:00', '00:00:00', NULL, NULL, NULL, NULL, NULL),
(110, 3, '2015-03-23', 'krank', '00:00:00', '00:00:00', NULL, NULL, NULL, NULL, NULL),
(111, 3, '2015-03-24', 'krank', '00:00:00', '00:00:00', NULL, NULL, NULL, NULL, NULL),
(112, 3, '2015-03-25', 'krank', '00:00:00', '00:00:00', NULL, NULL, NULL, NULL, NULL),
(113, 3, '2015-03-26', '9.30-16.00', '00:00:00', '00:00:00', NULL, NULL, NULL, NULL, NULL),
(114, 3, '2015-03-27', '9.30-15.00', '00:00:00', '00:00:00', NULL, NULL, NULL, NULL, NULL),
(115, 3, '2015-03-28', '10.00-14.30 Glowe', '00:00:00', '00:00:00', NULL, NULL, NULL, NULL, NULL),
(116, 4, '2015-03-31', '15.00-20.00', '00:00:00', '00:00:00', NULL, NULL, NULL, NULL, NULL),
(117, 4, '2015-04-01', '15.00-20.00', '00:00:00', '00:00:00', NULL, NULL, NULL, NULL, NULL),
(118, 1, '2015-04-01', 'nach Bedarf', '00:00:00', '00:00:00', NULL, NULL, NULL, NULL, NULL),
(119, 3, '2015-04-02', '9.30-16.00', '00:00:00', '00:00:00', NULL, NULL, NULL, NULL, NULL),
(120, 2, '2015-04-05', '13.00-20.00', '00:00:00', '00:00:00', NULL, NULL, NULL, NULL, NULL),
(121, 4, '2015-04-05', '17.00-20.00', '00:00:00', '00:00:00', NULL, NULL, NULL, NULL, NULL),
(122, 4, '2015-04-07', '15.00-18.30', '00:00:00', '00:00:00', NULL, NULL, NULL, NULL, NULL),
(123, 3, '2015-04-09', '9.30-16.00', '00:00:00', '00:00:00', NULL, NULL, NULL, NULL, NULL),
(124, 1, '2015-04-15', 'Reha', '00:00:00', '00:00:00', NULL, NULL, NULL, NULL, NULL),
(125, 1, '2015-04-18', 'Reha', '00:00:00', '00:00:00', NULL, NULL, NULL, NULL, NULL),
(126, 2, '2015-04-18', '9.30-20', '00:00:00', '00:00:00', NULL, NULL, NULL, NULL, NULL),
(127, 3, '2015-04-18', '09:30 - 15:00', '09:30:00', '15:00:00', NULL, 0, 0, 0, 0),
(128, 4, '2015-04-18', '09:30 - 15:00', '09:30:00', '15:00:00', NULL, 0, 0, 0, 0),
(129, 3, '2015-04-15', '9.30-16.00', '00:00:00', '00:00:00', NULL, NULL, NULL, NULL, NULL),
(130, 4, '2015-04-15', '15.00 - 20.00', '00:00:00', '00:00:00', NULL, NULL, NULL, NULL, NULL),
(131, 2, '2015-04-15', '12.30 - 18.00', '00:00:00', '00:00:00', NULL, NULL, NULL, NULL, NULL),
(132, 1, '2015-04-16', 'Reha', '00:00:00', '00:00:00', NULL, NULL, NULL, NULL, NULL),
(133, 2, '2015-04-16', '09:30 - 15:00', '09:30:00', '15:00:00', NULL, 0, 0, 0, 0),
(134, 4, '2015-04-16', '15.00-20.00', '00:00:00', '00:00:00', NULL, NULL, NULL, NULL, NULL),
(135, 3, '2015-04-17', '09:30 - 15:00', '09:30:00', '15:00:00', NULL, 0, 0, 0, 0),
(137, 4, '2015-04-17', '15.00-20.00', '00:00:00', '00:00:00', NULL, NULL, NULL, NULL, NULL),
(138, 1, '2015-04-08', 'bei Bedarf', '00:00:00', '00:00:00', NULL, NULL, NULL, NULL, NULL),
(139, 4, '2015-07-03', '08:00 - 08:00', '08:00:00', '08:00:00', NULL, 1, 0, 0, 0),
(141, 1, '2015-05-14', '9.30-15.00', '00:00:00', '00:00:00', NULL, NULL, NULL, NULL, NULL),
(142, 1, '2015-05-15', '09:30 - 15:00', '09:30:00', '15:00:00', NULL, 0, 0, 0, 0),
(143, 1, '2015-05-16', '09:00 - 12:00', '09:00:00', '12:00:00', NULL, 0, 0, 0, 0),
(144, 1, '2015-05-18', '10.00-18.00', '00:00:00', '00:00:00', NULL, NULL, NULL, NULL, NULL),
(145, 1, '2015-05-19', '09:30 - 18:00', '09:30:00', '18:00:00', NULL, 0, 0, 0, 0),
(146, 1, '2015-05-21', '9.30-18.00', '00:00:00', '00:00:00', NULL, NULL, NULL, NULL, NULL),
(147, 1, '2015-05-22', '9.30-15.00', '00:00:00', '00:00:00', NULL, NULL, NULL, NULL, NULL),
(148, 1, '2015-05-23', '09:30 - 17:00', '09:30:00', '17:00:00', NULL, 0, 0, 0, 0),
(149, 1, '2015-05-25', '10:00 - 15:00', '10:00:00', '15:00:00', NULL, 0, 0, 0, 0),
(150, 1, '2015-03-15', '08:00 - 12:00', '08:00:00', '12:00:00', 'Glowe', NULL, NULL, NULL, NULL),
(151, 3, '2015-04-20', '09:30 - 14:30', '09:30:00', '14:30:00', NULL, 0, 0, 0, 0),
(152, 2, '2015-04-20', '14:30 - 20:00', '14:30:00', '20:00:00', NULL, 0, 0, 0, 0),
(153, 3, '2015-04-21', '09:30 - 13:00', '09:30:00', '13:00:00', NULL, 0, 0, 0, 0),
(154, 2, '2015-04-21', '10:30 - 18:00', '10:30:00', '18:00:00', NULL, NULL, NULL, NULL, NULL),
(155, 4, '2015-04-21', '15:00 - 20:00', '15:00:00', '20:00:00', NULL, 0, 0, 0, 0),
(156, 3, '2015-04-22', '09:30 - 15:00', '09:30:00', '15:00:00', NULL, 0, 0, 0, 0),
(157, 4, '2015-04-22', '15:00 - 20:00', '15:00:00', '20:00:00', NULL, NULL, NULL, NULL, NULL),
(158, 3, '2015-04-23', '09:30 - 15:30', '09:30:00', '15:30:00', NULL, 0, 0, 0, 0),
(159, 2, '2015-04-23', '10:30 - 15:00', '10:30:00', '15:00:00', NULL, 0, 0, 0, 0),
(160, 4, '2015-04-23', '15:00 - 20:00', '15:00:00', '20:00:00', NULL, 0, 0, 0, 0),
(161, 4, '2015-04-24', '16:00 - 20:00', '16:00:00', '20:00:00', NULL, 0, 0, 0, 0),
(162, 2, '2015-04-24', '12:30 - 18:00', '12:30:00', '18:00:00', NULL, NULL, NULL, NULL, NULL),
(163, 3, '2015-04-24', '09:30 - 16:00', '09:30:00', '16:00:00', NULL, NULL, NULL, NULL, NULL),
(164, 2, '2015-04-25', '09:30 - 17:00', '09:30:00', '17:00:00', NULL, 0, 0, 0, 0),
(165, 4, '2015-04-25', '17:00 - 20:00', '17:00:00', '20:00:00', NULL, 0, 0, 0, 0),
(166, 3, '2015-04-27', '09:30 - 16:00', '09:30:00', '16:00:00', NULL, NULL, NULL, NULL, NULL),
(167, 2, '2015-04-27', '12:30 - 20:00', '12:30:00', '20:00:00', NULL, NULL, NULL, NULL, NULL),
(168, 3, '2015-04-28', '09:30 - 16:00', '09:30:00', '16:00:00', NULL, NULL, NULL, NULL, NULL),
(169, 4, '2015-04-28', '17:00 - 20:00', '17:00:00', '20:00:00', NULL, 0, 0, 0, 0),
(170, 2, '2015-04-28', '10:30 - 18:00', '10:30:00', '18:00:00', NULL, 0, 0, 0, 0),
(171, 3, '2015-04-29', '09:30 - 16:00', '09:30:00', '16:00:00', NULL, NULL, NULL, NULL, NULL),
(172, 4, '2015-04-29', '16:00 - 20:00', '16:00:00', '20:00:00', NULL, 0, 0, 0, 0),
(173, 2, '2015-04-29', '10:30 - 18:00', '10:30:00', '18:00:00', NULL, NULL, NULL, NULL, NULL),
(174, 3, '2015-04-30', '09:30 - 15:00', '09:30:00', '15:00:00', NULL, 0, 0, 0, 0),
(175, 4, '2015-04-30', '15:00 - 20:00', '15:00:00', '20:00:00', NULL, 0, 0, 0, 0),
(176, 2, '2015-04-30', '12:30 - 20:00', '12:30:00', '20:00:00', NULL, NULL, NULL, NULL, NULL),
(177, 4, '2015-05-01', '18:30 - 20:00', '18:30:00', '20:00:00', NULL, 0, 0, 0, 0),
(178, 2, '2015-05-01', '15:00 - 20:00', '15:00:00', '20:00:00', NULL, 0, 0, 0, 0),
(179, 3, '2015-05-02', '09:30 - 15:30', '09:30:00', '15:30:00', NULL, 0, 0, 0, 0),
(180, 4, '2015-05-02', '16:30 - 20:00', '16:30:00', '20:00:00', NULL, 0, 0, 0, 0),
(181, 2, '2015-05-02', '09:30 - 16:30', '09:30:00', '16:30:00', NULL, 0, 0, 0, 0),
(182, 2, '2015-07-24', '08:00 - 08:00', '08:00:00', '08:00:00', 'falls möglich, bitte frei', 1, 0, 0, 0),
(183, 2, '2015-07-25', '08:00 - 08:00', '08:00:00', '08:00:00', 'falls möglich, bitte frei', 1, 0, 0, 0),
(184, 4, '2015-08-17', '08:00 - 08:00', '08:00:00', '08:00:00', 'Urlaub', 0, 1, 0, 0),
(185, 4, '2015-08-18', '08:00 - 08:00', '08:00:00', '08:00:00', 'Urlaub', 0, 1, 0, 0),
(186, 4, '2015-08-19', '08:00 - 08:00', '08:00:00', '08:00:00', 'Urlaub', 0, 1, 0, 0),
(187, 4, '2015-08-20', '08:00 - 08:00', '08:00:00', '08:00:00', 'Urlaub', 0, 1, 0, 0),
(188, 4, '2015-08-21', '08:00 - 08:00', '08:00:00', '08:00:00', 'Urlaub', 0, 1, 0, 0),
(189, 4, '2015-08-22', '08:00 - 08:00', '08:00:00', '08:00:00', 'Urlaub', 0, 1, 0, 0),
(190, 4, '2015-08-24', '08:00 - 08:00', '08:00:00', '08:00:00', 'Urlaub', 0, 1, 0, 0),
(191, 4, '2015-08-25', '08:00 - 08:00', '08:00:00', '08:00:00', 'Urlaub', 0, 1, 0, 0),
(192, 4, '2015-08-26', '08:00 - 08:00', '08:00:00', '08:00:00', 'Urlaub', 0, 1, 0, 0),
(193, 4, '2015-08-27', '08:00 - 08:00', '08:00:00', '08:00:00', 'Urlaub', 0, 1, 0, 0),
(194, 4, '2015-08-28', '08:00 - 08:00', '08:00:00', '08:00:00', 'Urlaub', 0, 1, 0, 0),
(195, 4, '2015-08-29', '08:00 - 08:00', '08:00:00', '08:00:00', 'Urlaub', 0, 1, 0, 0),
(196, 4, '2015-08-31', '08:00 - 08:00', '08:00:00', '08:00:00', 'Urlaub', 0, 1, 0, 0),
(197, 3, '2015-08-03', '08:00 - 08:00', '08:00:00', '08:00:00', 'Urlaub', 0, 1, 0, 0),
(198, 3, '2015-08-04', '08:00 - 08:00', '08:00:00', '08:00:00', 'Urlaub', 0, 1, 0, 0),
(199, 3, '2015-08-05', '08:00 - 08:00', '08:00:00', '08:00:00', 'Urlaub', 0, 1, 0, 0),
(200, 3, '2015-08-06', '08:00 - 08:00', '08:00:00', '08:00:00', 'Urlaub', 0, 1, 0, 0),
(201, 3, '2015-08-07', '08:00 - 08:00', '08:00:00', '08:00:00', 'Urlaub', 0, 1, 0, 0),
(202, 3, '2015-08-09', '08:00 - 08:00', '08:00:00', '08:00:00', 'Frei', 1, 0, 0, 0),
(203, 3, '2015-08-10', '08:00 - 08:00', '08:00:00', '08:00:00', 'Urlaub', 0, 1, 0, 0),
(204, 3, '2015-08-11', '08:00 - 08:00', '08:00:00', '08:00:00', 'Urlaub', 0, 1, 0, 0),
(205, 3, '2015-08-12', '08:00 - 08:00', '08:00:00', '08:00:00', 'Urlaub', 0, 1, 0, 0),
(206, 3, '2015-08-13', '08:00 - 08:00', '08:00:00', '08:00:00', 'Urlaub', 0, 1, 0, 0),
(207, 3, '2015-08-14', '08:00 - 08:00', '08:00:00', '08:00:00', 'Urlaub', 0, 1, 0, 0),
(208, 3, '2015-08-15', '08:00 - 08:00', '08:00:00', '08:00:00', 'Urlaub', 0, 1, 0, 0),
(209, 2, '2015-04-14', '12:30 - 18:00', '12:30:00', '18:00:00', NULL, NULL, NULL, NULL, NULL),
(211, 4, '2015-05-16', '15:00 - 20:00', '15:00:00', '20:00:00', NULL, NULL, NULL, NULL, NULL),
(212, 2, '2015-05-16', '12:30 - 20:00', '12:30:00', '20:00:00', NULL, NULL, NULL, NULL, NULL),
(213, 3, '2015-05-04', '09:30 - 14:30', '09:30:00', '14:30:00', NULL, 0, 0, 0, 0),
(214, 2, '2015-05-04', '14:30 - 20:00', '14:30:00', '20:00:00', NULL, 0, 0, 0, 0),
(215, 1, '2015-04-20', '08:00 - 08:00', '08:00:00', '08:00:00', NULL, 1, 0, 0, 0),
(216, 4, '2015-04-20', '08:00 - 08:00', '08:00:00', '08:00:00', NULL, 1, 0, 0, 0),
(217, 1, '2015-04-21', '08:00 - 08:00', '08:00:00', '08:00:00', NULL, 1, 0, 0, 0),
(218, 1, '2015-04-17', '08:00 - 08:00', '08:00:00', '08:00:00', NULL, 1, 0, 0, 0),
(219, 2, '2015-04-17', '08:00 - 08:00', '08:00:00', '08:00:00', NULL, 1, 0, 0, 0),
(220, 1, '2015-04-19', '08:00 - 08:00', '08:00:00', '08:00:00', NULL, 1, 0, 0, 0),
(221, 3, '2015-04-19', '08:00 - 08:00', '08:00:00', '08:00:00', NULL, 1, 0, 0, 0),
(222, 2, '2015-04-19', '08:00 - 08:00', '08:00:00', '08:00:00', NULL, 1, 0, 0, 0),
(223, 4, '2015-04-19', '08:00 - 08:00', '08:00:00', '08:00:00', NULL, 1, 0, 0, 0),
(224, 1, '2015-04-22', '08:00 - 08:00', '08:00:00', '08:00:00', NULL, 1, 0, 0, 0),
(225, 2, '2015-04-22', '08:00 - 08:00', '08:00:00', '08:00:00', NULL, 1, 0, 0, 0),
(226, 1, '2015-04-23', '08:00 - 08:00', '08:00:00', '08:00:00', NULL, 1, 0, 0, 0),
(227, 1, '2015-04-24', '08:00 - 08:00', '08:00:00', '08:00:00', NULL, 1, 0, 0, 0),
(228, 1, '2015-04-25', '08:00 - 08:00', '08:00:00', '08:00:00', NULL, 1, 0, 0, 0),
(229, 3, '2015-04-25', '08:00 - 08:00', '08:00:00', '08:00:00', NULL, 1, 0, 0, 0),
(230, 1, '2015-04-26', '08:00 - 08:00', '08:00:00', '08:00:00', NULL, 1, 0, 0, 0),
(231, 2, '2015-04-26', '08:00 - 08:00', '08:00:00', '08:00:00', NULL, 1, 0, 0, 0),
(232, 3, '2015-04-26', '08:00 - 08:00', '08:00:00', '08:00:00', NULL, 1, 0, 0, 0),
(233, 4, '2015-04-26', '08:00 - 08:00', '08:00:00', '08:00:00', NULL, 1, 0, 0, 0),
(234, 1, '2015-04-27', '08:00 - 08:00', '08:00:00', '08:00:00', NULL, 1, 0, 0, 0),
(235, 4, '2015-04-27', '08:00 - 08:00', '08:00:00', '08:00:00', NULL, 1, 0, 0, 0),
(236, 1, '2015-04-28', '08:00 - 08:00', '08:00:00', '08:00:00', NULL, 1, 0, 0, 0),
(237, 1, '2015-04-29', '08:00 - 08:00', '08:00:00', '08:00:00', NULL, 1, 0, 0, 0),
(238, 1, '2015-04-30', '08:00 - 08:00', '08:00:00', '08:00:00', NULL, 1, 0, 0, 0),
(239, 1, '2015-05-01', '08:00 - 08:00', '08:00:00', '08:00:00', NULL, 1, 0, 0, 0),
(240, 3, '2015-05-01', '08:00 - 08:00', '08:00:00', '08:00:00', NULL, 1, 0, 0, 0),
(241, 1, '2015-05-02', '08:00 - 08:00', '08:00:00', '08:00:00', NULL, 1, 0, 0, 0),
(242, 1, '2015-05-03', '08:00 - 08:00', '08:00:00', '08:00:00', NULL, 1, 0, 0, 0),
(243, 3, '2015-05-03', '08:00 - 08:00', '08:00:00', '08:00:00', NULL, 1, 0, 0, 0),
(244, 2, '2015-05-03', '08:00 - 08:00', '08:00:00', '08:00:00', NULL, 1, 0, 0, 0),
(245, 4, '2015-05-03', '08:00 - 08:00', '08:00:00', '08:00:00', NULL, 1, 0, 0, 0),
(246, 1, '2015-05-04', '08:00 - 08:00', '08:00:00', '08:00:00', NULL, 1, 0, 0, 0),
(247, 4, '2015-05-04', '08:00 - 08:00', '08:00:00', '08:00:00', NULL, 1, 0, 0, 0),
(248, 1, '2015-05-05', '08:00 - 08:00', '08:00:00', '08:00:00', NULL, 1, 0, 0, 0),
(249, 4, '2015-05-05', '15:00 - 20:00', '15:00:00', '20:00:00', NULL, 0, 0, 0, 0),
(250, 3, '2015-05-05', '09:30 - 13:00', '09:30:00', '13:00:00', NULL, 0, 0, 0, 0),
(251, 2, '2015-05-05', '12:30 - 18:00', '12:30:00', '18:00:00', NULL, 0, 0, 0, 0),
(252, 1, '2015-05-06', '08:00 - 08:00', '08:00:00', '08:00:00', NULL, 1, 0, 0, 0),
(253, 3, '2015-05-06', '09:30 - 15:00', '09:30:00', '15:00:00', NULL, 0, 0, 0, 0),
(254, 2, '2015-05-06', '10:30 - 18:00', '10:30:00', '18:00:00', NULL, 0, 0, 0, 0),
(255, 4, '2015-05-06', '15:00 - 20:00', '15:00:00', '20:00:00', NULL, 0, 0, 0, 0),
(256, 1, '2015-05-07', '08:00 - 08:00', '08:00:00', '08:00:00', NULL, 1, 0, 0, 0),
(257, 3, '2015-05-07', '09:30 - 16:00', '09:30:00', '16:00:00', NULL, 0, 0, 0, 0),
(258, 4, '2015-05-07', '15:00 - 20:00', '15:00:00', '20:00:00', NULL, 0, 0, 0, 0),
(259, 2, '2015-05-07', '12:30 - 18:00', '12:30:00', '18:00:00', NULL, 1, 0, 0, 0),
(260, 1, '2015-05-08', '08:00 - 08:00', '08:00:00', '08:00:00', NULL, 1, 0, 0, 0),
(261, 3, '2015-05-08', '09:30 - 16:00', '09:30:00', '16:00:00', NULL, 0, 0, 0, 0),
(262, 4, '2015-05-08', '15:00 - 20:00', '15:00:00', '20:00:00', NULL, 0, 0, 0, 0),
(263, 2, '2015-05-08', '14:30 - 18:00', '14:30:00', '18:00:00', NULL, 0, 0, 0, 0),
(264, 1, '2015-05-09', '08:00 - 08:00', '08:00:00', '08:00:00', NULL, 1, 0, 0, 0),
(265, 3, '2015-05-09', '09:30 - 16:00', '09:30:00', '16:00:00', NULL, 1, 0, 0, 0),
(266, 4, '2015-05-09', '16:30 - 20:00', '16:30:00', '20:00:00', NULL, 0, 0, 0, 0),
(267, 2, '2015-05-09', '09:30 - 18:00', '09:30:00', '18:00:00', NULL, 0, 0, 0, 0),
(268, 1, '2015-05-10', '08:00 - 08:00', '08:00:00', '08:00:00', NULL, 1, 0, 0, 0),
(269, 2, '2015-05-10', '08:00 - 08:00', '08:00:00', '08:00:00', NULL, 1, 0, 0, 0),
(270, 3, '2015-05-10', '08:00 - 08:00', '08:00:00', '08:00:00', NULL, 1, 0, 0, 0),
(271, 4, '2015-05-10', '08:00 - 08:00', '08:00:00', '08:00:00', NULL, 1, 0, 0, 0),
(272, 4, '2015-05-11', '08:00 - 08:00', '08:00:00', '08:00:00', NULL, 1, 0, 0, 0),
(273, 1, '2015-05-11', '08:00 - 08:00', '08:00:00', '08:00:00', NULL, 1, 0, 0, 0),
(274, 3, '2015-05-11', '09:30 - 14:30', '09:30:00', '14:30:00', NULL, 0, 0, 0, 0),
(275, 2, '2015-05-11', '12:30 - 20:00', '12:30:00', '20:00:00', NULL, 0, 0, 0, 0),
(276, 1, '2015-05-12', '08:00 - 08:00', '08:00:00', '08:00:00', NULL, 1, 0, 0, 0),
(277, 3, '2015-05-12', '09:30 - 16:00', '09:30:00', '16:00:00', NULL, 0, 0, 0, 0),
(278, 4, '2015-05-12', '15:00 - 20:00', '15:00:00', '20:00:00', NULL, 0, 0, 0, 0),
(279, 2, '2015-05-12', '12:30 - 20:00', '12:30:00', '20:00:00', NULL, 0, 0, 0, 0),
(280, 1, '2015-05-13', '08:00 - 08:00', '08:00:00', '08:00:00', NULL, 1, 0, 0, 0),
(281, 3, '2015-05-13', '17:30 - 18:30', '17:30:00', '18:30:00', NULL, 0, 0, 0, 0),
(282, 4, '2015-05-13', '15:00 - 20:00', '15:00:00', '20:00:00', NULL, 0, 0, 0, 0),
(283, 2, '2015-05-13', '09:30 - 18:30', '09:30:00', '18:30:00', NULL, 0, 0, 0, 0),
(284, 3, '2015-05-14', '08:00 - 08:00', '08:00:00', '08:00:00', NULL, 1, 0, 0, 0),
(285, 4, '2015-05-14', '15:00 - 20:00', '15:00:00', '20:00:00', NULL, 0, 0, 0, 0),
(286, 2, '2015-05-14', '11:30 - 20:00', '11:30:00', '20:00:00', NULL, 0, 0, 0, 0),
(287, 3, '2015-05-15', '09:30 - 16:00', '09:30:00', '16:00:00', NULL, 0, 0, 0, 0),
(288, 2, '2015-05-15', '10:30 - 20:00', '10:30:00', '20:00:00', NULL, 0, 0, 0, 0),
(289, 4, '2015-05-15', '15:00 - 20:00', '15:00:00', '20:00:00', NULL, 0, 0, 0, 0),
(290, 3, '2015-05-16', '09:30 - 16:00', '09:30:00', '16:00:00', NULL, 0, 0, 0, 0),
(291, 1, '2015-05-17', '08:00 - 08:00', '08:00:00', '08:00:00', NULL, 1, 0, 0, 0),
(292, 2, '2015-05-17', '08:00 - 08:00', '08:00:00', '08:00:00', NULL, 1, 0, 0, 0),
(293, 3, '2015-05-17', '08:00 - 08:00', '08:00:00', '08:00:00', NULL, 1, 0, 0, 0),
(294, 4, '2015-05-17', '08:00 - 08:00', '08:00:00', '08:00:00', NULL, 1, 0, 0, 0),
(295, 4, '2015-05-18', '08:00 - 08:00', '08:00:00', '08:00:00', NULL, 1, 0, 0, 0),
(296, 3, '2015-05-21', '08:00 - 08:00', '08:00:00', '08:00:00', NULL, 1, 0, 0, 0),
(297, 3, '2015-04-16', '08:00 - 08:00', '08:00:00', '08:00:00', NULL, 1, 0, 0, 0),
(298, 3, '2015-08-16', '08:00 - 08:00', '08:00:00', '08:00:00', NULL, 1, 0, 0, 0),
(299, 1, '2015-08-16', '08:00 - 08:00', '08:00:00', '08:00:00', NULL, 1, 0, 0, 0),
(300, 2, '2015-08-16', '08:00 - 08:00', '08:00:00', '08:00:00', NULL, 1, 0, 0, 0),
(301, 4, '2015-08-16', '08:00 - 08:00', '08:00:00', '08:00:00', NULL, 1, 0, 0, 0),
(302, 3, '2015-08-08', '08:00 - 08:00', '08:00:00', '08:00:00', NULL, 0, 1, 0, 0),
(303, 1, '2015-08-09', '08:00 - 08:00', '08:00:00', '08:00:00', NULL, 1, 0, 0, 0),
(304, 2, '2015-08-09', '08:00 - 08:00', '08:00:00', '08:00:00', NULL, 1, 0, 0, 0),
(305, 4, '2015-08-09', '08:00 - 08:00', '08:00:00', '08:00:00', NULL, 1, 0, 0, 0),
(306, 4, '2015-08-23', '08:00 - 08:00', '08:00:00', '08:00:00', NULL, 1, 0, 0, 0),
(307, 2, '2015-08-23', '08:00 - 08:00', '08:00:00', '08:00:00', NULL, 1, 0, 0, 0),
(308, 1, '2015-08-23', '08:00 - 08:00', '08:00:00', '08:00:00', NULL, 1, 0, 0, 0),
(309, 3, '2015-08-23', '08:00 - 08:00', '08:00:00', '08:00:00', NULL, 1, 0, 0, 0),
(310, 4, '2015-08-30', '08:00 - 08:00', '08:00:00', '08:00:00', NULL, 1, 0, 0, 0),
(311, 2, '2015-08-30', '08:00 - 08:00', '08:00:00', '08:00:00', NULL, 1, 0, 0, 0),
(312, 3, '2015-08-30', '08:00 - 08:00', '08:00:00', '08:00:00', NULL, 1, 0, 0, 0),
(313, 1, '2015-08-30', '08:00 - 08:00', '08:00:00', '08:00:00', NULL, 1, 0, 0, 0),
(314, 4, '2015-07-05', '08:00 - 08:00', '08:00:00', '08:00:00', NULL, 1, 0, 0, 0),
(315, 3, '2015-07-05', '08:00 - 08:00', '08:00:00', '08:00:00', NULL, 1, 0, 0, 0),
(316, 1, '2015-07-05', '08:00 - 08:00', '08:00:00', '08:00:00', NULL, 1, 0, 0, 0),
(317, 2, '2015-07-05', '08:00 - 08:00', '08:00:00', '08:00:00', NULL, 1, 0, 0, 0),
(318, 4, '2015-07-06', '08:00 - 08:00', '08:00:00', '08:00:00', NULL, 1, 0, 0, 0),
(319, 2, '2015-07-26', '08:00 - 08:00', '08:00:00', '08:00:00', NULL, 1, 0, 0, 0),
(320, 1, '2015-07-26', '08:00 - 08:00', '08:00:00', '08:00:00', NULL, 1, 0, 0, 0),
(321, 3, '2015-07-26', '08:00 - 08:00', '08:00:00', '08:00:00', NULL, 1, 0, 0, 0),
(322, 4, '2015-07-26', '08:00 - 08:00', '08:00:00', '08:00:00', NULL, 1, 0, 0, 0),
(323, 3, '2015-05-18', '09:30 - 13:30', '09:30:00', '13:30:00', NULL, 0, 0, 0, 0),
(324, 2, '2015-05-18', '12:30 - 20:00', '12:30:00', '20:00:00', NULL, 0, 0, 0, 0),
(325, 4, '2015-05-22', '15:00 - 20:00', '15:00:00', '20:00:00', NULL, 0, 0, 0, 0),
(326, 3, '2015-05-26', '09:30 - 16:00', '09:30:00', '16:00:00', NULL, 0, 0, 0, 0),
(327, 4, '2015-05-29', '15:00 - 20:00', '15:00:00', '20:00:00', NULL, 0, 0, 0, 0),
(328, 4, '2015-05-19', '15:00 - 20:00', '15:00:00', '20:00:00', NULL, 0, 0, 0, 0),
(329, 3, '2015-05-19', '09:30 - 16:00', '09:30:00', '16:00:00', NULL, 0, 0, 0, 0),
(330, 2, '2015-05-19', '14:30 - 20:00', '14:30:00', '20:00:00', NULL, 0, 0, 0, 0),
(331, 4, '2015-05-20', '15:00 - 20:00', '15:00:00', '20:00:00', NULL, 0, 0, 0, 0),
(332, 4, '2015-05-20', '17:00 - 20:00', '17:00:00', '20:00:00', NULL, 0, 0, 0, 0),
(333, 3, '2015-05-20', '09:30 - 16:00', '09:30:00', '16:00:00', NULL, 0, 0, 0, 0),
(334, 2, '2015-05-20', '12:30 - 18:00', '12:30:00', '18:00:00', NULL, 0, 0, 0, 0),
(335, 2, '2015-05-22', '12:30 - 20:00', '12:30:00', '20:00:00', NULL, 0, 0, 0, 0),
(336, 4, '2015-05-25', '08:00 - 08:00', '08:00:00', '08:00:00', NULL, 1, 0, 0, 0),
(337, 2, '2015-11-26', '08:00 - 08:00', '08:00:00', '08:00:00', NULL, 0, 1, 0, 0),
(338, 2, '2015-11-27', '08:00 - 08:00', '08:00:00', '08:00:00', NULL, 0, 1, 0, 0),
(339, 2, '2015-11-28', '08:00 - 08:00', '08:00:00', '08:00:00', NULL, 0, 1, 0, 0),
(340, 2, '2015-11-29', '08:00 - 08:00', '08:00:00', '08:00:00', NULL, 1, 0, 0, 0),
(341, 2, '2015-11-25', '08:00 - 08:00', '08:00:00', '08:00:00', NULL, 0, 1, 0, 0),
(342, 2, '2015-11-30', '08:00 - 08:00', '08:00:00', '08:00:00', NULL, 0, 1, 0, 0),
(343, 2, '2015-12-01', '08:00 - 08:00', '08:00:00', '08:00:00', NULL, 0, 1, 0, 0),
(344, 2, '2015-12-02', '08:00 - 08:00', '08:00:00', '08:00:00', NULL, 0, 1, 0, 0),
(345, 2, '2015-12-03', '08:00 - 08:00', '08:00:00', '08:00:00', NULL, 0, 1, 0, 0),
(346, 2, '2015-12-04', '08:00 - 08:00', '08:00:00', '08:00:00', NULL, 0, 1, 0, 0),
(347, 2, '2015-12-05', '08:00 - 08:00', '08:00:00', '08:00:00', NULL, 0, 1, 0, 0),
(348, 2, '2015-12-06', '08:00 - 08:00', '08:00:00', '08:00:00', NULL, 1, 0, 0, 0),
(349, 2, '2015-12-07', '08:00 - 08:00', '08:00:00', '08:00:00', NULL, 0, 1, 0, 0),
(350, 2, '2015-12-08', '08:00 - 08:00', '08:00:00', '08:00:00', NULL, 0, 1, 0, 0),
(351, 2, '2015-12-09', '08:00 - 08:00', '08:00:00', '08:00:00', NULL, 0, 1, 0, 0),
(352, 2, '2015-12-10', '08:00 - 08:00', '08:00:00', '08:00:00', NULL, 0, 1, 0, 0),
(353, 2, '2015-12-11', '08:00 - 08:00', '08:00:00', '08:00:00', NULL, 0, 1, 0, 0),
(354, 2, '2015-12-12', '08:00 - 08:00', '08:00:00', '08:00:00', NULL, 0, 1, 0, 0),
(355, 2, '2015-12-13', '08:00 - 08:00', '08:00:00', '08:00:00', NULL, 1, 0, 0, 0),
(356, 4, '2015-12-13', '08:00 - 08:00', '08:00:00', '08:00:00', NULL, 1, 0, 0, 0),
(357, 3, '2015-12-13', '08:00 - 08:00', '08:00:00', '08:00:00', NULL, 1, 0, 0, 0),
(358, 1, '2015-12-13', '08:00 - 08:00', '08:00:00', '08:00:00', NULL, 1, 0, 0, 0),
(359, 4, '2015-12-06', '08:00 - 08:00', '08:00:00', '08:00:00', NULL, 1, 0, 0, 0),
(360, 1, '2015-12-06', '08:00 - 08:00', '08:00:00', '08:00:00', NULL, 1, 0, 0, 0),
(361, 3, '2015-12-06', '08:00 - 08:00', '08:00:00', '08:00:00', NULL, 1, 0, 0, 0),
(362, 2, '2015-12-14', '08:00 - 08:00', '08:00:00', '08:00:00', NULL, 0, 1, 0, 0),
(363, 2, '2015-12-15', '08:00 - 08:00', '08:00:00', '08:00:00', NULL, 0, 1, 0, 0),
(364, 2, '2015-12-16', '08:00 - 08:00', '08:00:00', '08:00:00', NULL, 0, 1, 0, 0),
(365, 2, '2015-12-17', '08:00 - 08:00', '08:00:00', '08:00:00', NULL, 0, 1, 0, 0),
(366, 2, '2015-12-18', '08:00 - 08:00', '08:00:00', '08:00:00', NULL, 0, 1, 0, 0),
(367, 2, '2015-12-19', '08:00 - 08:00', '08:00:00', '08:00:00', NULL, 0, 1, 0, 0),
(368, 2, '2015-12-20', '08:00 - 08:00', '08:00:00', '08:00:00', NULL, 1, 0, 0, 0),
(369, 4, '2015-12-20', '08:00 - 08:00', '08:00:00', '08:00:00', NULL, 1, 0, 0, 0),
(370, 3, '2015-12-20', '08:00 - 08:00', '08:00:00', '08:00:00', NULL, 1, 0, 0, 0),
(371, 1, '2015-12-20', '08:00 - 08:00', '08:00:00', '08:00:00', NULL, 1, 0, 0, 0),
(372, 1, '2015-11-29', '08:00 - 08:00', '08:00:00', '08:00:00', NULL, 1, 0, 0, 0),
(373, 3, '2015-11-29', '08:00 - 08:00', '08:00:00', '08:00:00', NULL, 1, 0, 0, 0),
(374, 4, '2015-11-29', '08:00 - 08:00', '08:00:00', '08:00:00', NULL, 1, 0, 0, 0),
(375, 3, '2015-06-06', '08:00 - 08:00', '08:00:00', '08:00:00', NULL, 1, 0, 0, 0),
(376, 3, '2015-05-27', '09:30 - 15:00', '09:30:00', '15:00:00', NULL, 0, 0, 0, 0),
(377, 3, '2015-05-29', '09:30 - 16:00', '09:30:00', '16:00:00', NULL, 0, 0, 0, 0),
(378, 4, '2015-05-21', '15:00 - 20:00', '15:00:00', '20:00:00', NULL, 0, 0, 0, 0),
(379, 2, '2015-05-21', '10:30 - 16:30', '10:30:00', '16:30:00', NULL, 0, 0, 0, 0),
(380, 1, '2015-05-29', '08:00 - 08:00', '08:00:00', '08:00:00', NULL, 1, 0, 0, 0),
(381, 3, '2015-05-22', '09:30 - 13:30', '09:30:00', '13:30:00', NULL, 0, 0, 0, 0),
(382, 2, '2015-05-25', '10:00 - 16:30', '10:00:00', '16:30:00', NULL, 0, 0, 0, 0),
(383, 1, '2015-05-24', '08:00 - 08:00', '08:00:00', '08:00:00', NULL, 0, 0, 0, 1),
(385, 2, '2015-05-24', '15:00 - 19:00', '15:00:00', '19:00:00', NULL, 0, 0, 0, 0),
(386, 3, '2015-05-24', '09:30 - 16:00', '09:30:00', '16:00:00', NULL, 0, 0, 0, 0),
(387, 4, '2015-05-24', '15:00 - 17:00', '15:00:00', '17:00:00', NULL, 0, 0, 0, 0),
(388, 2, '2015-05-28', '12:30 - 20:00', '12:30:00', '20:00:00', NULL, 0, 0, 0, 0),
(389, 2, '2015-05-29', '12:30 - 20:00', '12:30:00', '20:00:00', NULL, 0, 0, 0, 0),
(390, 1, '2015-05-31', '08:00 - 08:00', '08:00:00', '08:00:00', NULL, 1, 0, 0, 0),
(391, 3, '2015-05-31', '08:00 - 08:00', '08:00:00', '08:00:00', NULL, 1, 0, 0, 0),
(392, 4, '2015-05-31', '08:00 - 08:00', '08:00:00', '08:00:00', NULL, 1, 0, 0, 0),
(393, 2, '2015-05-31', '08:00 - 08:00', '08:00:00', '08:00:00', NULL, 1, 0, 0, 0),
(394, 3, '2015-05-30', '08:00 - 08:00', '08:00:00', '08:00:00', NULL, 1, 0, 0, 0),
(395, 2, '2015-05-23', '08:00 - 08:00', '08:00:00', '08:00:00', NULL, 1, 0, 0, 0),
(396, 3, '2015-05-23', '09:30 - 16:00', '09:30:00', '16:00:00', NULL, 0, 0, 0, 0),
(397, 4, '2015-05-23', '15:00 - 20:00', '15:00:00', '20:00:00', NULL, 0, 0, 0, 0),
(398, 4, '2015-05-26', '15:00 - 20:00', '15:00:00', '20:00:00', NULL, 0, 0, 0, 0),
(399, 2, '2015-05-26', '12:30 - 18:00', '12:30:00', '18:00:00', NULL, 0, 0, 0, 0),
(400, 1, '2015-05-26', '09:30 - 18:00', '09:30:00', '18:00:00', NULL, 0, 0, 0, 0),
(401, 4, '2015-05-27', '15:00 - 20:00', '15:00:00', '20:00:00', NULL, 0, 0, 0, 0),
(402, 2, '2015-05-27', '12:30 - 18:00', '12:30:00', '18:00:00', NULL, 0, 0, 0, 0),
(403, 3, '2015-05-28', '09:30 - 16:00', '09:30:00', '16:00:00', NULL, 0, 0, 0, 0),
(404, 4, '2015-05-28', '15:00 - 20:00', '15:00:00', '20:00:00', NULL, 0, 0, 0, 0),
(405, 1, '2015-05-28', '09:30 - 18:00', '09:30:00', '18:00:00', NULL, 0, 0, 0, 0),
(406, 1, '2015-05-30', '09:30 - 16:00', '09:30:00', '16:00:00', NULL, 0, 0, 0, 0),
(407, 2, '2015-05-30', '12:00 - 20:00', '12:00:00', '20:00:00', NULL, 0, 0, 0, 0),
(408, 4, '2015-05-30', '15:00 - 20:00', '15:00:00', '20:00:00', NULL, 0, 0, 0, 0),
(409, 3, '2015-05-25', '08:00 - 08:00', '08:00:00', '08:00:00', NULL, 1, 0, 0, 0),
(410, 3, '2015-06-01', '09:30 - 16:00', '09:30:00', '16:00:00', NULL, 0, 0, 0, 0),
(411, 2, '2015-06-01', '14:30 - 20:00', '14:30:00', '20:00:00', NULL, 0, 0, 0, 0),
(412, 1, '2015-06-01', '09:30 - 18:00', '09:30:00', '18:00:00', NULL, 0, 0, 0, 0),
(413, 4, '2015-06-01', '08:00 - 08:00', '08:00:00', '08:00:00', NULL, 1, 0, 0, 0),
(414, 1, '2015-06-02', '09:30 - 18:00', '09:30:00', '18:00:00', NULL, 0, 0, 0, 0),
(415, 4, '2015-06-02', '15:00 - 20:00', '15:00:00', '20:00:00', NULL, 0, 0, 0, 0),
(416, 3, '2015-06-02', '09:30 - 16:00', '09:30:00', '16:00:00', NULL, 0, 0, 0, 0),
(417, 2, '2015-06-02', '14:30 - 20:00', '14:30:00', '20:00:00', NULL, 0, 0, 0, 0),
(418, 3, '2015-06-03', '09:30 - 16:00', '09:30:00', '16:00:00', NULL, 0, 0, 0, 0),
(419, 2, '2015-06-03', '09:30 - 18:00', '09:30:00', '18:00:00', NULL, 0, 0, 0, 0),
(420, 4, '2015-06-03', '15:00 - 20:00', '15:00:00', '20:00:00', NULL, 0, 0, 0, 0),
(421, 1, '2015-06-04', '09:30 - 18:00', '09:30:00', '18:00:00', NULL, 0, 0, 0, 0),
(422, 3, '2015-06-04', '09:30 - 16:00', '09:30:00', '16:00:00', NULL, 0, 0, 0, 0),
(423, 4, '2015-07-04', '08:00 - 08:00', '08:00:00', '08:00:00', NULL, 1, 0, 0, 0),
(424, 4, '2015-07-25', '09:30 - 13:00', '09:30:00', '13:00:00', NULL, 0, 0, 0, 0);

--
-- Constraints der exportierten Tabellen
--

--
-- Constraints der Tabelle `event`
--
ALTER TABLE `event`
  ADD CONSTRAINT `FK_FA6F25A364D218E` FOREIGN KEY (`location_id`) REFERENCES `location` (`id`),
  ADD CONSTRAINT `FK_FA6F25A3778E3E6F` FOREIGN KEY (`paymentmethod_id`) REFERENCES `paymentmethod` (`id`),
  ADD CONSTRAINT `FK_FA6F25A38C03F15C` FOREIGN KEY (`employee_id`) REFERENCES `employee` (`id`),
  ADD CONSTRAINT `FK_FA6F25A3A76ED395` FOREIGN KEY (`user_id`) REFERENCES `users` (`id`);

--
-- Constraints der Tabelle `Notice`
--
ALTER TABLE `Notice`
  ADD CONSTRAINT `FK_4FA140F4A76ED395` FOREIGN KEY (`user_id`) REFERENCES `users` (`id`);

--
-- Constraints der Tabelle `offer`
--
ALTER TABLE `offer`
  ADD CONSTRAINT `FK_29D6873EED5CA9E6` FOREIGN KEY (`service_id`) REFERENCES `service` (`id`);

--
-- Constraints der Tabelle `pages`
--
ALTER TABLE `pages`
  ADD CONSTRAINT `FK_2074E575727ACA70` FOREIGN KEY (`parent_id`) REFERENCES `pages` (`id`);

--
-- Constraints der Tabelle `service`
--
ALTER TABLE `service`
  ADD CONSTRAINT `FK_E19D9AD212469DE2` FOREIGN KEY (`category_id`) REFERENCES `servicecategory` (`id`);

--
-- Constraints der Tabelle `user_role`
--
ALTER TABLE `user_role`
  ADD CONSTRAINT `FK_2DE8C6A3A76ED395` FOREIGN KEY (`user_id`) REFERENCES `users` (`id`) ON DELETE CASCADE,
  ADD CONSTRAINT `FK_2DE8C6A3D60322AC` FOREIGN KEY (`role_id`) REFERENCES `role` (`id`) ON DELETE CASCADE;

--
-- Constraints der Tabelle `worktime`
--
ALTER TABLE `worktime`
  ADD CONSTRAINT `FK_A1E7B4758C03F15C` FOREIGN KEY (`employee_id`) REFERENCES `employee` (`id`);

/*!40101 SET CHARACTER_SET_CLIENT=@OLD_CHARACTER_SET_CLIENT */;
/*!40101 SET CHARACTER_SET_RESULTS=@OLD_CHARACTER_SET_RESULTS */;
/*!40101 SET COLLATION_CONNECTION=@OLD_COLLATION_CONNECTION */;
